"","iso_2","iso_3","continent","country","1980","1981","1982","1983","1984","1985","1986","1987","1988","1989","1990","1991","1992","1993","1994","1995","1996","1997","1998","1999","2000","2001","2002","2003","2004","2005","2006","2007","2008","2009","2010","2011","2012","2013","2014","2015","2016","2017","2018","2019","2020"
"1","AW","ABW","NO","Aruba",NA,NA,NA,NA,NA,NA,NA,NA,NA,NA,NA,NA,NA,NA,NA,NA,NA,NA,NA,NA,NA,NA,NA,NA,NA,35,35,28,"28",28,28,28,28,28,28,28,25,25,25,25,25
"2","AF","AFG","AS","Afghanistan",NA,NA,NA,NA,NA,NA,NA,NA,NA,NA,NA,NA,NA,NA,NA,NA,NA,NA,NA,NA,NA,NA,NA,0,0,20,20,20,"20",20,20,20,20,20,20,20,20,20,20,20,20
"3","AO","AGO","AF","Angola",NA,NA,NA,NA,NA,NA,NA,NA,NA,NA,NA,NA,NA,NA,NA,40,40,40,40,40,40,35,35,35,35,35,35,35,"35",35,35,35,35,35,35,30,30,30,30,30,30
"4","AI","AIA","NO","Anguilla",NA,NA,NA,NA,NA,NA,NA,NA,NA,NA,NA,NA,NA,NA,NA,NA,NA,NA,NA,NA,NA,NA,NA,NA,NA,NA,NA,NA,NA,NA,NA,NA,NA,0,0,0,0,0,0,0,0
"5","AX","ALA","EU","Aland Islands",NA,NA,NA,NA,NA,NA,NA,NA,NA,NA,NA,NA,NA,NA,NA,NA,NA,NA,NA,NA,NA,NA,NA,NA,NA,NA,NA,NA,NA,NA,NA,NA,NA,NA,NA,NA,NA,20,20,20,20
"6","AL","ALB","EU","Albania",NA,NA,NA,NA,NA,NA,NA,NA,NA,NA,NA,NA,NA,NA,NA,30,30,30,30,30,30,30,25,25,25,23,20,20,"10",10,10,10,10,10,15,15,15,15,15,15,15
"7","AD","AND","EU","Andorra",NA,NA,NA,NA,NA,NA,NA,NA,NA,NA,NA,NA,NA,NA,NA,NA,NA,NA,NA,NA,NA,NA,NA,NA,NA,NA,NA,NA,NA,NA,0,0,10,10,10,10,10,10,10,10,10
"8","AN","ANT","NO","Netherlands Antilles",34,34,34,34,34,34,34,34,34,34,34,34,"39",39,39,39,39,39,39,NA,NA,35,35,NA,34.5,34.5,34.5,34.5,"34.5",34.5,NA,NA,NA,NA,NA,NA,NA,NA,NA,NA,NA
"9","AE","ARE","AS","United Arab Emirates",0,0,0,0,0,0,0,0,0,0,0,0,"0",0,0,0,0,0,0,0,0,0,0,0,0,0,0,0,"0",0,0,0,0,0,0,0,0,0,0,0,0
"10","AR","ARG","SA","Argentina",33,33,33,33,33,33,33,33,33,33,20,20,"20",30,30,30,30,33,33,35,35,35,35,35,35,35,35,35,"35",35,35,35,35,35,35,35,35,35,30,30,30
"11","AM","ARM","AS","Armenia",NA,NA,NA,NA,NA,NA,NA,NA,NA,NA,NA,NA,NA,NA,NA,NA,20,30,30,30,25,25,20,20,20,20,20,20,"20",20,20,20,20,20,20,20,20,20,20,20,18
"12","AS","ASM","OC","American Samoa",NA,NA,NA,NA,NA,NA,NA,NA,NA,NA,NA,NA,NA,NA,NA,NA,NA,NA,NA,NA,NA,NA,NA,NA,NA,NA,NA,NA,NA,NA,NA,NA,NA,NA,44,44,44,34,34,34,34
"13","AQ","ATA","AN","Antarctica",NA,NA,NA,NA,NA,NA,NA,NA,NA,NA,NA,NA,NA,NA,NA,NA,NA,NA,NA,NA,NA,NA,NA,NA,NA,NA,NA,NA,NA,NA,NA,NA,NA,NA,NA,NA,NA,NA,NA,NA,NA
"14","TF","ATF","AN","French Southern Territories",NA,NA,NA,NA,NA,NA,NA,NA,NA,NA,NA,NA,NA,NA,NA,NA,NA,NA,NA,NA,NA,NA,NA,NA,NA,NA,NA,NA,NA,NA,NA,NA,NA,NA,NA,NA,NA,NA,NA,NA,NA
"15","AG","ATG","NO","Antigua and Barbuda",NA,NA,NA,NA,NA,NA,NA,40,40,40,40,40,"40",40,40,40,40,40,40,40,40,40,NA,NA,NA,NA,NA,30,"25",25,25,25,25,25,25,25,25,25,25,25,25
"16","AU","AUS","OC","Australia",46,46,46,46,46,46,49,49,39,39,39,39,"39",33,33,36,36,36,36,36,34,30,30,30,30,30,30,30,"30",30,30,30,30,30,30,30,30,30,30,30,30
"17","AT","AUT","EU","Austria",55,55,55,55,55,55,55,55,55,30,30,30,"30",30,34,34,34,34,34,34,34,34,34,34,34,25,25,25,"25",25,25,25,25,25,25,25,25,25,25,25,25
"18","AZ","AZE","AS","Azerbaijan",NA,NA,NA,NA,NA,NA,NA,NA,NA,NA,NA,NA,NA,NA,NA,NA,25,32,32,32,32,27,27,NA,25,24,24,22,"22",22,20,20,20,20,20,20,20,20,20,20,20
"19","BI","BDI","AF","Burundi",NA,NA,NA,NA,NA,NA,NA,NA,NA,NA,NA,NA,NA,NA,NA,NA,NA,NA,NA,NA,NA,NA,NA,NA,NA,NA,NA,NA,NA,NA,NA,NA,NA,NA,NA,30,30,30,30,30,30
"20","BE","BEL","EU","Belgium",48,48,48,45,45,45,45,43,43,43,41,39,"39",40.17,40.17,40.17,40.17,40.17,40.17,40.17,40.17,40.17,40.17,33.99,33.99,33.99,35.97,33.99,"33.99",33.99,33.99,33.99,33.99,33.99,33.99,33.99,33.99,33.99,29.58,29.58,25
"21","BJ","BEN","AF","Benin",NA,NA,NA,NA,NA,NA,NA,NA,NA,NA,NA,NA,NA,NA,NA,NA,NA,NA,NA,NA,NA,NA,NA,NA,NA,NA,NA,NA,NA,NA,30,30,30,30,30,30,30,30,30,30,30
"22","BQ","BES","NO","Bonaire, Sint Eustatius and Saba",NA,NA,NA,NA,NA,NA,NA,NA,NA,NA,NA,NA,NA,NA,NA,NA,NA,NA,NA,NA,NA,NA,NA,NA,NA,NA,NA,NA,NA,NA,NA,NA,0,0,0,0,0,25,25,25,25
"23","BF","BFA","AF","Burkina Faso",NA,NA,NA,NA,NA,NA,NA,NA,NA,NA,NA,NA,NA,NA,NA,NA,NA,NA,NA,NA,NA,NA,NA,NA,NA,NA,NA,NA,NA,NA,NA,NA,NA,NA,NA,27.5,27.5,27.5,28,28,28
"24","BD","BGD","AS","Bangladesh",NA,NA,NA,NA,NA,NA,NA,NA,NA,NA,NA,40,"40",40,40,40,40,40,40,35,35,35,35,30,30,30,30,30,"30",27.5,27.5,27.5,27.5,27.5,27.5,27.5,25,25,25,25,25
"25","BG","BGR","EU","Bulgaria",NA,NA,NA,NA,NA,NA,NA,NA,NA,NA,NA,NA,NA,40,40,40,40,36,30,30,30,25,20,23.5,19.5,15,15,10,"10",10,10,10,10,10,10,10,10,10,10,10,10
"26","BH","BHR","AS","Bahrain",0,0,0,0,0,0,0,0,0,0,0,0,"0",0,0,0,0,0,0,0,0,0,0,0,0,0,0,0,"0",0,0,0,0,0,0,0,0,0,0,0,0
"27","BS","BHS","NO","Bahamas",0,0,0,0,0,0,0,0,0,0,0,0,"0",0,0,0,0,0,0,0,0,0,0,0,0,0,0,0,"0",0,0,0,0,0,0,0,0,0,0,0,0
"28","BA","BIH","EU","Bosnia and Herzegovina",NA,NA,NA,NA,NA,NA,NA,NA,NA,NA,NA,NA,NA,NA,NA,NA,NA,NA,NA,NA,NA,NA,NA,10,10,10,10,10,"10",10,10,10,10,10,10,10,10,10,10,10,10
"29","BL","BLM","NO","Saint Barthelemy",NA,NA,NA,NA,NA,NA,NA,NA,NA,NA,NA,NA,NA,NA,NA,NA,NA,NA,NA,NA,NA,NA,NA,NA,NA,NA,NA,NA,NA,NA,NA,NA,NA,NA,NA,NA,NA,NA,NA,0,0
"30","BY","BLR","EU","Belarus",NA,NA,NA,NA,NA,NA,NA,NA,NA,NA,NA,30,"30",30,30,30,30,30,30,30,30,30,25,24,24,24,24,24,"24",24,24,24,18,18,18,18,18,18,18,18,18
"31","BZ","BLZ","NO","Belize",NA,NA,NA,NA,NA,NA,NA,45,45,45,45,45,"45",35,35,35,35,35,35,NA,NA,NA,NA,NA,NA,NA,NA,NA,NA,NA,NA,NA,NA,NA,NA,NA,NA,NA,NA,NA,NA
"32","BM","BMU","NO","Bermuda",0,0,0,0,0,0,0,0,0,0,0,0,"0",0,0,0,0,0,0,0,0,0,0,0,0,0,0,0,"0",0,0,0,0,0,0,0,0,0,0,0,0
"33","BO","BOL","SA","Bolivia (Plurinational State of)",30,30,30,30,30,30,30,2,2,2,2.5,3,"3",3,25,25,25,25,25,25,25,25,25,25,25,25,25,25,"25",25,25,25,25,25,25,25,25,25,25,25,25
"34","BR","BRA","SA","Brazil",35,35,35,35,35,35,35,35,35,30,30,30,"30",25,25,25,25,25,25,33,37,34,34,34,34,34,34,34,"34",34,34,34,34,34,34,34,34,34,34,34,34
"35","BB","BRB","NO","Barbados",45,45,45,45,45,45,45,35,35,35,35,35,"35",40,40,40,40,40,40,40,40,40,37.5,36,33,30,25,25,"25",25,25,25,25,25,25,25,25,25,30,5.5,5.5
"36","BN","BRN","AS","Brunei Darussalam",NA,NA,NA,NA,NA,NA,NA,NA,NA,NA,NA,NA,NA,NA,NA,NA,NA,NA,NA,NA,NA,NA,NA,NA,30,30,30,30,"30",25.5,23.5,22,21,20,20,18.5,18.5,18.5,18.5,18.5,18.5
"37","BT","BTN","AS","Bhutan",NA,NA,NA,NA,NA,NA,NA,NA,NA,NA,NA,NA,NA,NA,NA,NA,NA,NA,NA,NA,NA,NA,NA,NA,NA,NA,NA,NA,NA,NA,30,30,30,30,30,30,30,30,30,30,30
"38","BV","BVT","AN","Bouvet Island",NA,NA,NA,NA,NA,NA,NA,NA,NA,NA,NA,NA,NA,NA,NA,NA,NA,NA,NA,NA,NA,NA,NA,NA,NA,NA,NA,NA,NA,NA,NA,NA,NA,NA,NA,NA,NA,NA,NA,NA,NA
"39","BW","BWA","AF","Botswana",35,35,35,35,35,35,35,35,40,40,40,30,"30",30,25,25,25,25,25,25,25,25,25,25,25,25,25,25,"25",25,25,22,22,22,22,22,22,22,22,22,22
"40","CF","CAF","AF","Central African Republic",NA,NA,NA,NA,NA,NA,NA,NA,NA,NA,NA,NA,NA,NA,NA,NA,NA,NA,NA,NA,NA,NA,NA,NA,NA,NA,NA,NA,NA,NA,NA,NA,NA,30,30,30,30,30,30,30,30
"41","CA","CAN","NO","Canada",NA,50.92,49.53,48.27,47.63,49.43,49.76,48.58,41.29,41.34,41.45,41.81,"42.52",44.3,44.3,44.6,44.6,44.6,44.6,44.6,42.43,40.48,38.02,35.87,34.38,34.18,33.93,33.95,"31.4",30.9,29.4,27.7,26.1,26.2,26.2,26.7,26.7,26.7,26.8,26.62,26.47
"42","CC","CCK","AS","Cocos (Keeling) Islands",NA,NA,NA,NA,NA,NA,NA,NA,NA,NA,NA,NA,NA,NA,NA,NA,NA,NA,NA,NA,NA,NA,NA,NA,NA,NA,NA,NA,NA,NA,NA,NA,NA,NA,NA,NA,NA,NA,NA,NA,NA
"43","CH","CHE","EU","Switzerland",NA,33.04826958,33.04826958,33.04826958,32.86612022,31.86612022,31.68397086,31.68761384,30.59471767,30.59653916,30.59653916,27.72101468,"28.03435928",28.4667857,28.4667857,28.46924177,28.46924177,28.46924177,27.79845951,25.09419405,24.93,24.7,24.42,24.099824,24.099824,21.33,21.33,21.323279,"21.174438",21.174438,21.174438,21.174438,21.174438,21.148581,21.148581,21.148581,21.148581,21.148581,21.148581,21.148581,21.148581
"44","CL","CHL","SA","Chile",48.6,48.6,48.6,48.6,37,23.5,37,37,32.5,32.5,32.5,35,"35",35,35,35,15,15,15,15,15,15,16,16.5,17,17,17,17,"17",17,17,20,20,20,21,22.5,24,25,25,25,25
"45","CN","CHN","AS","China",55.2,55.2,55.2,40,40,40,40,40,40,40,40,40,"30",30,33,33,33,33,33,33,33,33,33,33,33,33,33,33,"25",25,25,25,25,25,25,25,25,25,25,25,25
"46","CI","CIV","AF","Cote d'Ivoire",40,40,40,40,40,40,40,40,40,40,40,40,"35",35,35,35,35,35,35,35,35,35,35,NA,35,35,35,27,"25",25,25,25,25,25,NA,25,25,25,25,25,25
"47","CM","CMR","AF","Cameroon",NA,NA,NA,NA,NA,NA,NA,NA,38.5,38.5,38.5,38.5,"38.5",38.5,38.5,38.5,38.5,38.5,38.5,38.5,38.5,38.5,38.5,NA,38.5,38.5,38.5,38.5,"38.5",38.5,38.5,38.5,38.5,38.5,38.5,33,33,33,33,33,33
"48","CD","COD","AF","Democratic Republic of the Congo",50,50,50,50,50,50,50,50,50,50,50,50,"50",50,50,50,50,50,NA,NA,NA,NA,NA,NA,NA,NA,NA,NA,NA,NA,40,40,40,35,35,35,35,35,35,35,35
"49","CG","COG","AF","Congo",NA,NA,NA,NA,NA,NA,NA,NA,NA,49,49,49,"49",49,49,49,49,45,45,45,45,45,40,NA,38,38,38,38,"38",38,38,36,35,33,33,30,30,30,30,30,30
"50","CK","COK","OC","Cook Islands",NA,NA,NA,NA,NA,NA,NA,NA,NA,NA,NA,NA,NA,NA,NA,NA,NA,NA,NA,NA,NA,NA,NA,NA,NA,NA,NA,NA,NA,NA,NA,NA,NA,NA,NA,NA,20,20,20,20,20
"51","CO","COL","SA","Colombia",40,40,40,40,40,40,33,32,31,30,30,30,"30",30,30,30,35,35,35,35,35,35,35,35,35,35,35,34,"33",33,33,33,33,25,25,25,25,34,33,33,32
"52","KM","COM","AF","Comoros",NA,NA,NA,NA,NA,NA,NA,NA,NA,NA,NA,NA,NA,NA,NA,NA,NA,NA,NA,NA,NA,NA,NA,NA,NA,NA,NA,NA,NA,NA,NA,NA,NA,NA,NA,35,NA,50,50,50,50
"53","CV","CPV","AF","Cabo Verde",NA,NA,NA,NA,NA,NA,NA,NA,NA,NA,NA,NA,NA,NA,NA,NA,NA,NA,NA,NA,NA,NA,NA,NA,NA,NA,NA,NA,NA,NA,NA,25,25,25,25,25,25,25,25,22,22
"54","CR","CRI","NO","Costa Rica",45,45,50,50,50,50,50,50,50,30,30,30,"30",30,30,30,30,30,30,30,30,30,30,36,30,30,30,30,"30",30,30,30,30,30,30,30,30,30,30,30,30
"55","CU","CUB","NO","Cuba",NA,NA,NA,NA,NA,NA,NA,NA,NA,NA,NA,NA,NA,NA,NA,NA,NA,NA,NA,NA,NA,NA,NA,NA,NA,NA,NA,NA,NA,NA,NA,NA,NA,NA,NA,NA,NA,NA,NA,NA,NA
"56","CW","CUW","NO","Curacao",NA,NA,NA,NA,NA,NA,NA,NA,NA,NA,NA,NA,NA,NA,NA,NA,NA,NA,NA,NA,NA,NA,NA,NA,NA,NA,NA,NA,NA,NA,NA,34.5,27.5,27.5,27.5,25,22,22,22,22,22
"57","CX","CXR","AS","Christmas Island",NA,NA,NA,NA,NA,NA,NA,NA,NA,NA,NA,NA,NA,NA,NA,NA,NA,NA,NA,NA,NA,NA,NA,NA,NA,NA,NA,NA,NA,NA,NA,NA,NA,NA,NA,NA,NA,NA,NA,NA,NA
"58","KY","CYM","NO","Cayman Islands",0,0,0,0,0,0,0,0,0,0,0,0,"0",0,0,0,0,0,0,0,0,0,0,0,0,0,0,0,"0",0,0,0,0,0,0,0,0,0,0,0,0
"59","CY","CYP","EU","Cyprus",42.5,42.5,42.5,42.5,42.5,42.5,42.5,42.5,42.5,42.5,42.5,25,"25",25,25,25,25,25,25,25,29,28,28,15,15,10,10,10,"10",10,10,10,10,12.5,12.5,12.5,12.5,12.5,12.5,12.5,12.5
"60","CZ","CZE","EU","Czechia",NA,NA,NA,NA,NA,NA,NA,NA,NA,NA,NA,40,"40",45,42,41,39,39,35,35,31,31,31,31,28,26,24,24,"21",20,19,19,19,19,19,19,19,19,19,19,19
"61","DE","DEU","EU","Germany",NA,60,60,60,60,60,60,60,60,60,54.54545455,56.25,"58.15217391",56.52173913,52.17391304,55.10869565,55.87606838,56.79916318,56.0460251,52.03319502,52.03,38.9,38.9,40.215768,38.900415,38.900415,38.900415,38.900415,"30.175",30.175,30.175,30.175,30.175,30.175,30.175,30.175,30.175,30.175,29.825,29.897059,29.897059
"62","DJ","DJI","AF","Djibouti",NA,NA,NA,NA,NA,NA,NA,NA,NA,NA,NA,NA,NA,NA,NA,NA,NA,NA,NA,NA,NA,NA,NA,NA,NA,NA,NA,NA,NA,NA,NA,NA,NA,NA,NA,25,25,25,25,25,25
"63","DM","DMA","NO","Dominica",NA,NA,NA,NA,NA,NA,NA,NA,NA,NA,NA,35,NA,NA,NA,NA,NA,NA,30,NA,NA,NA,NA,NA,NA,NA,NA,NA,NA,NA,NA,NA,30,30,30,28,25,25,25,25,25
"64","DK","DNK","EU","Denmark",40,40,40,40,40,50,50,50,50,50,40,38,"34",34,34,34,34,34,34,32,32,30,30,30,30,28,28,25,"25",25,25,25,25,25,24.5,23.5,22,22,22,22,22
"65","DO","DOM","NO","Dominican Republic",38,38,38,38,46,46,46,46,46,46,46,46,"30",27,26,25,25,25,25,25,25,25,25,25,25,25,30,25,"25",25,25,29,29,29,28,27,27,27,27,27,27
"66","DZ","DZA","AF","Algeria",NA,NA,NA,NA,NA,NA,NA,NA,NA,NA,NA,NA,NA,NA,NA,NA,NA,NA,NA,NA,NA,NA,NA,NA,NA,NA,NA,NA,NA,NA,NA,NA,25,25,25,23,26,26,26,26,26
"67","EC","ECU","SA","Ecuador",20,20,20,20,20,20,20,20,20,20,25,25,"25",25,25,25,25,32,36.25,15,25,36.25,36.25,36.25,36.25,25,25,25,"25",25,25,24,23,22,22,22,22,22,25,25,25
"68","EG","EGY","AF","Egypt",39.7,39.7,32,32,40,40,40,40,40,40,40,40,"40",40,40,40,40,40,40,40,40,40,40,42,42,20,20,20,"20",20,20,20,25,25,25,22.5,22.5,22.5,23,22.5,22.5
"69","ER","ERI","AF","Eritrea",NA,NA,NA,NA,NA,NA,NA,NA,NA,NA,NA,NA,NA,NA,NA,NA,NA,NA,NA,NA,NA,NA,NA,NA,NA,NA,NA,NA,NA,NA,NA,NA,NA,30,30,30,30,30,30,30,30
"70","EH","ESH","AF","Western Sahara",NA,NA,NA,NA,NA,NA,NA,NA,NA,NA,NA,NA,NA,NA,NA,NA,NA,NA,NA,NA,NA,NA,NA,NA,NA,NA,NA,NA,NA,NA,NA,NA,NA,NA,NA,NA,NA,NA,NA,NA,NA
"71","ES","ESP","EU","Spain",33,33,33,33,35,35,35,35,35,35,35,35,"35",35,35,35,35,35,35,35,35,35,35,35,35,35,35,32.5,"30",30,30,30,30,30,30,28,25,25,25,25,25
"72","EE","EST","EU","Estonia",NA,NA,NA,NA,NA,NA,NA,NA,NA,NA,NA,NA,NA,35,26,26,26,26,26,26,26,26,26,26,26,24,23,22,"21",21,21,21,21,21,21,20,20,20,20,20,20
"73","ET","ETH","AF","Ethiopia",NA,NA,NA,NA,NA,NA,NA,NA,NA,NA,NA,NA,NA,50,50,50,50,50,40,35,35,NA,NA,NA,30,30,30,30,"30",30,30,30,30,30,30,30,30,30,30,30,30
"74","FI","FIN","EU","Finland",NA,61.5,61.75,61.5,61.75,61.75,51.5,51.5,51.5,52.5,44.5,42,"39",25,25,25,28,28,28,28,29,29,29,29,29,26,26,26,"26",26,26,26,24.5,24.5,20,20,20,20,20,20,20
"75","FJ","FJI","OC","Fiji",37.5,37.5,37.5,37.5,37.5,37.5,37.5,37.5,37.5,37.5,37.5,37.5,"37.5",35,35,35,35,35,35,35,35,34,32,32,31,31,31,31,"31",29,28,28,28,20,20,20,20,20,20,20,20
"76","FK","FLK","SA","Falkland Islands (Malvinas)",NA,NA,NA,NA,NA,NA,NA,NA,NA,NA,NA,NA,NA,NA,NA,NA,NA,NA,NA,NA,NA,NA,NA,NA,NA,NA,NA,NA,"26",26,26,26,26,26,26,26,26,26,26,26,26
"77","FR","FRA","EU","France",50,50,50,50,50,50,45,45,42,42,42,42,"34",33.33,33.33,36.66,36.66,36.66,41.66,40,37.76,36.43,35.43,35.42979,35.42979,34.95,34.43,34.42989,"34.42989",34.42989,34.42989,36.09639,36.09639,37.9962,37.9962,37.9962,34.43,34.43,34.43,34.43,32.02
"78","FO","FRO","EU","Faroe Islands",NA,NA,NA,NA,NA,NA,NA,NA,NA,NA,NA,NA,NA,NA,NA,NA,NA,NA,NA,NA,NA,NA,NA,NA,NA,NA,NA,NA,NA,NA,NA,NA,NA,NA,NA,NA,NA,NA,NA,18,18
"79","FM","FSM","OC","Micronesia (Federated States of)",NA,NA,NA,NA,NA,NA,NA,NA,NA,NA,NA,NA,NA,NA,NA,NA,NA,NA,NA,NA,NA,NA,NA,NA,NA,NA,NA,NA,NA,NA,NA,21,21,21,21,21,21,21,21,21,30
"80","GA","GAB","AF","Gabon",NA,NA,NA,NA,NA,NA,NA,NA,50,50,50,40,"40",40,40,40,40,40,40,40,35,35,35,NA,35,35,35,35,"35",35,35,35,35,30,30,30,30,30,30,30,30
"81","GB","GBR","EU","United Kingdom of Great Britain and Northern Ireland",52,52,52,50,45,40,35,35,35,35,34,33,"33",33,33,33,33,31,31,30,30,30,30,30,30,30,30,30,"28",28,28,26,24,23,21,20,20,19,19,19,19
"82","GE","GEO","AS","Georgia",NA,NA,NA,NA,NA,NA,NA,NA,NA,NA,NA,NA,NA,NA,NA,NA,NA,NA,NA,NA,NA,NA,NA,NA,20,20,20,20,"15",15,15,15,15,15,15,15,15,15,15,15,15
"83","GG","GGY","EU","Guernsey",20,20,20,20,20,20,20,20,20,20,20,20,"20",20,20,20,20,20,20,NA,NA,20,20,0,0,0,0,0,"0",0,0,0,0,0,0,0,0,0,0,0,0
"84","GH","GHA","AF","Ghana",60,NA,NA,NA,NA,NA,NA,NA,NA,NA,50,50,"50",45,45,35,35,35,35,35,35,35,32.5,NA,32.5,30,25,25,"25",25,25,25,25,25,25,25,25,25,25,25,25
"85","GI","GIB","EU","Gibraltar",NA,NA,NA,NA,NA,NA,NA,NA,NA,NA,NA,35,"35",35,35,35,35,35,35,NA,NA,NA,NA,35,35,35,35,35,"33",27,22,10,10,10,10,10,10,10,10,10,10
"86","GN","GIN","AF","Guinea",NA,NA,NA,NA,NA,NA,NA,NA,NA,NA,NA,NA,NA,NA,NA,35,35,35,35,35,35,35,35,NA,35,35,35,35,"35",35,35,35,35,35,35,35,35,35,35,35,35
"87","GP","GLP","NO","Guadeloupe",NA,NA,NA,NA,NA,NA,NA,NA,NA,NA,NA,NA,NA,NA,NA,NA,NA,NA,NA,NA,NA,NA,NA,NA,NA,NA,NA,NA,NA,NA,NA,NA,NA,NA,NA,NA,NA,NA,NA,NA,NA
"88","GM","GMB","AF","Gambia",NA,NA,NA,NA,NA,NA,NA,NA,NA,NA,NA,NA,NA,NA,NA,NA,NA,NA,NA,NA,35,35,35,NA,NA,NA,NA,NA,NA,NA,NA,NA,NA,NA,NA,31,31,30,31,31,31
"89","GW","GNB","AF","Guinea-Bissau",NA,NA,NA,NA,NA,NA,NA,NA,NA,NA,NA,NA,NA,NA,NA,NA,NA,NA,NA,NA,NA,NA,NA,NA,NA,NA,NA,NA,".",NA,NA,25,25,25,25,25,25,25,25,25,25
"90","GQ","GNQ","AF","Equatorial Guinea",NA,NA,NA,NA,NA,NA,NA,NA,NA,NA,NA,NA,NA,NA,NA,NA,NA,NA,NA,NA,NA,NA,NA,NA,25,25,35,35,"35",35,35,35,35,35,35,35,35,35,35,35,35
"91","GR","GRC","EU","Greece",NA,45,45,45,45,49,49,49,49,46,46,46,"40.5",35,35,35,35,35,40,40,40,37.5,35,35,35,32,29,25,"25",25,24,20,20,26,26,26,29,29,29,24,24
"92","GD","GRD","NO","Grenada",NA,NA,NA,NA,NA,NA,NA,NA,NA,NA,NA,33,NA,NA,NA,NA,NA,NA,30,NA,NA,NA,NA,NA,NA,NA,NA,NA,NA,NA,NA,NA,NA,NA,NA,30,30,30,30,28,28
"93","GL","GRL","NO","Greenland",NA,NA,NA,NA,NA,NA,NA,NA,NA,NA,NA,NA,NA,NA,NA,NA,NA,NA,NA,NA,NA,NA,NA,NA,NA,NA,NA,NA,NA,NA,NA,NA,NA,NA,NA,NA,31.8,31.8,31.8,31.8,26.5
"94","GT","GTM","NO","Guatemala",48,48,48,48,42,42,42,42,34,34,34,34,"34",25,25,30,30,30,25,27.5,25,31,31,31,31,31,31,31,"31",31,31,31,31,31,28,25,25,25,25,25,25
"95","GF","GUF","SA","French Guiana",NA,NA,NA,NA,NA,NA,NA,NA,NA,NA,NA,NA,NA,NA,NA,NA,NA,NA,NA,NA,NA,NA,NA,NA,NA,NA,NA,NA,NA,NA,NA,NA,NA,NA,NA,NA,NA,NA,NA,NA,NA
"96","GU","GUM","OC","Guam",NA,NA,NA,NA,NA,NA,NA,NA,NA,NA,NA,NA,NA,NA,NA,NA,NA,NA,NA,NA,NA,35,35,NA,35,35,35,35,"35",35,35,35,35,35,35,35,35,35,21,21,21
"97","GY","GUY","SA","Guyana",NA,NA,NA,NA,NA,NA,NA,NA,55,55,55,55,"55",35,35,45,45,45,45,45,45,45,45,NA,35,35,NA,NA,NA,NA,35,30,30,30,30,30,30,27.5,27.5,25,25
"98","HK","HKG","AS","China, Hong Kong Special Administrative Region",17,17,16.5,16.5,16.5,18.5,18.5,18.5,18,17,16.5,16.5,"16.5",17.5,17.5,16.5,16.5,16.5,16.5,16,16,16,16,16,17.5,17.5,17.5,17.5,"16.5",16.5,16.5,16.5,16.5,16.5,16.5,16.5,16.5,16.5,16.5,16.5,16.5
"99","HM","HMD","AN","Heard Island and McDonald Islands",NA,NA,NA,NA,NA,NA,NA,NA,NA,NA,NA,NA,NA,NA,NA,NA,NA,NA,NA,NA,NA,NA,NA,NA,NA,NA,NA,NA,NA,NA,NA,NA,NA,NA,NA,NA,NA,NA,NA,NA,NA
"100","HN","HND","NO","Honduras",40,40,40,40,40,40,40,40,40,40,35,35,"35",35,35,35,35,40.25,40.25,25,25,25,25,25,25,30,30,30,"30",30,25,35,35,35,30,30,30,25,25,25,25
"101","HR","HRV","EU","Croatia",NA,NA,NA,NA,NA,NA,NA,NA,NA,NA,NA,NA,NA,NA,NA,NA,25,25,35,35,35,20,20,20.32,20.32,20.23,20,20,"20",20,20,20,20,20,20,20,20,18,18,18,18
"102","HT","HTI","NO","Haiti",NA,NA,NA,NA,NA,NA,50,30,30,35,35,NA,NA,NA,NA,35,35,35,35,35,35,35,35,NA,NA,NA,NA,NA,NA,NA,NA,30,30,30,30,30,30,30,30,30,30
"103","HU","HUN","EU","Hungary",NA,NA,NA,NA,NA,NA,NA,NA,NA,50,40,40,"40",40,36,18,18,18,18,18,18,18,18,18,16,16,17.33,20,"20",20,19,19,19,19,19,19,19,9,9,9,9
"104","ID","IDN","AS","Indonesia",45,45,45,45,35,35,35,35,35,35,35,35,"35",35,35,30,30,30,30,30,30,30,30,30,30,30,30,30,"30",28,25,25,25,25,25,25,25,25,25,25,25
"105","IM","IMN","EU","Isle of Man",NA,NA,NA,NA,NA,NA,NA,NA,20,20,20,20,"20",20,20,20,20,20,20,20,20,20,18,15,15,15,15,0,"0",0,0,0,0,0,0,0,0,0,0,0,0
"106","IN","IND","AS","India",60,59.1,56.4,56.4,55,55,50,50,50,50,50,40,"45",45,45,40,40,35,35,35,38.5,39.55,35.7,36.75,35.875,36.5935,33.66,33.99,"33.99",33.99,33.99,32.44,32.45,33.99,33.99,34.61,34.61,34.61,35,30,30
"107","IO","IOT","AS","British Indian Ocean Territory",NA,NA,NA,NA,NA,NA,NA,NA,NA,NA,NA,NA,NA,NA,NA,NA,NA,NA,NA,NA,NA,NA,NA,NA,NA,NA,NA,NA,NA,NA,NA,NA,NA,NA,NA,NA,NA,NA,NA,NA,NA
"108","IE","IRL","EU","Ireland",45,45,50,50,50,50,50,50,47,43,43,40,"40",40,40,38,36,36,32,28,24,20,16,12.5,12.5,12.5,12.5,12.5,"12.5",12.5,12.5,12.5,12.5,12.5,12.5,12.5,12.5,12.5,12.5,12.5,12.5
"109","IR","IRN","AS","Iran (Islamic Republic of)",NA,55,55,55,55,55,55,55,55,55,75,75,"75",54,54,54,54,54,54,54,54,54,54,NA,25,25,25,NA,NA,NA,NA,25,25,25,25,25,25,25,25,25,25
"110","IQ","IRQ","AS","Iraq",NA,NA,NA,NA,NA,NA,NA,NA,NA,NA,NA,NA,NA,NA,NA,NA,NA,NA,NA,NA,NA,NA,NA,NA,NA,NA,NA,NA,"15",15,15,15,15,15,15,15,15,15,15,15,15
"111","IS","ISL","EU","Iceland",NA,NA,NA,NA,NA,NA,NA,NA,NA,NA,NA,NA,NA,33,33,33,33,33,33,30,30,30,18,18,18,18,18,18,"15",15,18,20,20,20,20,20,20,20,20,20,20
"112","IL","ISR","AS","Israel",NA,NA,NA,NA,NA,NA,NA,NA,NA,NA,NA,NA,NA,NA,NA,37,36,36,36,36,36,36,36,36,35,34,31,29,"27",26,25,24,25,25,26.5,26.5,25,24,23,23,23
"113","IT","ITA","EU","Italy",NA,36.25,41.34,46.4,46.4,46.4,46.4,46.4,46.4,46.4,46.4,47.8,"52.2",52.2,53.2,53.2,53.2,53.2,37,37,41.25,40.25,40.25,38.25,37.25,37.25,37.25,37.25,"31.4",31.4,31.4,31.4,31.29275,31.29275,31.29275,31.29275,31.29275,27.8064,27.8064,27.8064,27.81
"114","JM","JAM","NO","Jamaica",45,45,45,45,45,45,45,33.3,33.3,33.3,33.3,33.3,"33.3",33.3,33.3,33.3,33.3,33.3,33.3,33.3,33.33,33.33,33.33,33.33,33.33,33.33,33.33,33.33,"33.33",33.33,33.33,33.33,33.33,25,25,25,25,25,25,25,25
"115","JE","JEY","EU","Jersey",20,20,20,20,20,20,20,20,20,20,20,20,"20",20,20,20,20,20,20,NA,NA,20,20,0,0,0,0,0,"0",0,0,0,0,0,0,0,0,0,0,0,0
"116","JO","JOR","AS","Jordan",NA,NA,40,NA,NA,NA,NA,NA,NA,NA,NA,NA,NA,NA,NA,55,55,35,35,35,35,35,35,25,25,25,25,25,"25",25,14,14,14,14,14,20,20,20,20,20,20
"117","JP","JPN","AS","Japan",NA,NA,NA,NA,NA,NA,NA,NA,NA,NA,49.98,49.98,"49.98",49.98,49.98,49.98,49.98,49.98,46.36,48,40.87,40.87,40.87,40.87,39.54,39.54,39.54,39.54,"39.54",39.54,39.54,39.54,39.54,36.99,36.99,32.11,29.97,29.97,29.74,29.74,29.74
"118","KZ","KAZ","AS","Kazakhstan",NA,NA,NA,NA,NA,NA,NA,NA,NA,NA,30,30,"30",25,30,30,30,30,30,30,30,30,30,30,30,30,30,30,"30",20,20,20,20,20,20,20,20,20,20,20,20
"119","KE","KEN","AF","Kenya",45,45,45,45,45,45,45,45,45,45,42.5,40,"37.5",35,35,35,35,35,35,33,30,30,30,NA,30,30,30,30,"30",30,30,30,30,30,30,30,30,30,30,30,30
"120","KG","KGZ","AS","Kyrgyzstan",NA,NA,NA,NA,NA,NA,NA,NA,NA,NA,NA,NA,NA,NA,NA,NA,NA,NA,30,30,30,30,30,NA,NA,NA,NA,NA,NA,NA,10,10,10,10,10,10,10,10,10,10,10
"121","KH","KHM","AS","Cambodia",NA,NA,NA,NA,NA,NA,NA,NA,NA,NA,NA,NA,NA,NA,NA,NA,NA,20,20,20,20,20,20,NA,NA,NA,NA,NA,NA,20,20,20,20,20,20,20,20,20,20,20,20
"122","KI","KIR","OC","Kiribati",NA,NA,NA,NA,NA,NA,NA,NA,NA,NA,NA,NA,NA,NA,NA,NA,NA,NA,NA,NA,NA,NA,NA,NA,NA,NA,NA,NA,NA,NA,NA,35,35,35,35,35,35,35,35,35,35
"123","KN","KNA","NO","Saint Kitts and Nevis",NA,NA,NA,NA,NA,NA,NA,NA,NA,NA,NA,NA,NA,NA,NA,NA,NA,NA,NA,NA,NA,NA,NA,NA,NA,NA,NA,NA,NA,NA,35,35,35,33,33,33,33,33,33,33,33
"124","KR","KOR","AS","Republic of Korea",NA,NA,NA,NA,NA,NA,NA,NA,NA,NA,NA,NA,NA,NA,NA,NA,NA,30.8,30.8,30.8,30.8,30.8,29.7,29.7,29.7,27.5,27.5,27.5,"27.5",24.2,24.2,24.2,24.2,24.2,24.2,24.2,24.2,24.2,27.5,27.5,27.5
"125","KW","KWT","AS","Kuwait",50,50,55,55,55,55,55,55,55,55,55,55,"55",55,55,55,55,55,NA,NA,NA,55,55,55,55,55,55,55,"55",15,15,15,15,15,15,15,15,15,15,15,15
"126","LA","LAO","AS","Lao People's Democratic Republic",NA,NA,NA,NA,NA,NA,NA,NA,NA,NA,NA,NA,NA,NA,NA,NA,NA,NA,NA,NA,NA,NA,NA,NA,NA,NA,NA,NA,NA,35,35,35,28,24,24,24,24,24,24,24,24
"127","LB","LBN","AS","Lebanon",44,22,22,22,22,22,NA,NA,NA,NA,NA,26,NA,NA,NA,NA,10,10,10,10,10,15,15,NA,15,15,15,15,"15",15,15,15,15,15,15,15,15,15,15,17,17
"128","LR","LBR","AF","Liberia",NA,NA,50,50,50,50,50,50,50,50,50,50,NA,NA,NA,NA,NA,NA,NA,NA,NA,NA,NA,NA,NA,NA,NA,NA,NA,NA,NA,25,25,25,25,25,25,25,25,25,25
"129","LY","LBY","AF","Libya",NA,NA,NA,NA,NA,NA,NA,NA,NA,NA,NA,60,NA,NA,NA,NA,60,60,60,60,35,35,35,30.38,30.38,30.38,30.38,40,"40",40,40,20,20,20,20,20,20,20,20,20,20
"130","LC","LCA","NO","Saint Lucia",NA,NA,NA,NA,NA,NA,NA,NA,NA,NA,33.3,33.3,"33.3",33.3,33.3,33.3,33.3,33.3,33.3,NA,NA,NA,NA,NA,NA,NA,NA,NA,NA,NA,30,30,30,30,30,33.33,33.33,30,30,30,30
"131","LI","LIE","EU","Liechtenstein",NA,NA,NA,NA,15,15,15,15,15,15,15,15,"15",15,15,15,15,15,15,15,15,15,15,NA,20,20,NA,20,"20",20,15,12.5,12.5,12.5,12.5,12.5,12.5,12.5,12.5,12.5,12.5
"132","LK","LKA","AS","Sri Lanka",50,50,NA,NA,NA,NA,NA,NA,NA,NA,NA,50,NA,NA,NA,45,35,35,35,35,35,35,42,35,35,32.5,32.5,35,"35",35,35,28,28,28,28,28,28,28,28,28,28
"133","LS","LSO","AF","Lesotho",37.5,NA,NA,NA,NA,NA,NA,NA,NA,NA,NA,NA,NA,NA,NA,NA,40,40,35,35,35,35,35,NA,35,35,35,25,"25",25,25,25,25,25,25,25,25,25,25,25,25
"134","LT","LTU","EU","Lithuania",NA,NA,NA,NA,NA,NA,NA,NA,NA,NA,NA,NA,NA,29,29,29,29,29,29,29,29,24,24,15,15,15,15,15,"15",20,15,15,15,15,15,15,15,15,15,15,15
"135","LU","LUX","EU","Luxembourg",NA,NA,NA,NA,NA,NA,NA,NA,NA,NA,NA,NA,NA,39.39,39.39,40.29,40.29,30.34,37.45,37.45,37.45,37.45,30.38,30.38,30.38,30.38,29.63,29.63,"29.63",28.59,28.59,28.8,28.8,29.22,29.22,29.22,29.22,27.08,26.01,24.94,24.94
"136","LV","LVA","EU","Latvia",NA,NA,NA,NA,NA,NA,NA,NA,NA,NA,NA,NA,NA,NA,NA,25,25,25,25,25,25,25,22,19,15,15,15,15,"15",15,15,15,15,15,15,15,15,15,20,20,20
"137","MO","MAC","AS","China, Macao Special Administrative Region",NA,NA,NA,NA,15,15,15,15,15,15,15,15,"15",15,15,15,15,15,15,15,15,15,15,15,12,12,12,12,"12",12,12,12,12,12,12,12,12,12,12,12,12
"138","MF","MAF","NO","Saint Martin (French Part)",NA,NA,NA,NA,NA,NA,NA,NA,NA,NA,NA,NA,NA,NA,NA,NA,NA,NA,NA,NA,NA,NA,NA,NA,NA,NA,NA,NA,NA,NA,NA,NA,NA,NA,NA,24.5,34.5,34.5,35,35,35
"139","MA","MAR","AF","Morocco",48,48,48,48,48,48,48,48,40,40,40,40,"40",38,36,36,35,35,35,35,35,35,35,NA,35,35,35,35,"30",30,30,30,30,30,30,30,31,31,31,31,31
"140","MC","MCO","EU","Monaco",NA,NA,NA,NA,NA,NA,NA,NA,NA,NA,NA,NA,NA,NA,NA,NA,NA,NA,33.3,33.3,33.3,33.3,33.3,NA,33.33,33.33,33.33,33.33,NA,NA,NA,NA,NA,NA,NA,NA,33.33,33.33,33.33,31,28
"141","MD","MDA","EU","Republic of Moldova",NA,NA,NA,NA,NA,NA,NA,NA,NA,NA,NA,NA,NA,NA,NA,NA,NA,NA,NA,NA,NA,NA,NA,NA,20,18,15,15,"0",0,0,0,0,12,12,18,12,12,12,12,12
"142","MG","MDG","AF","Madagascar",NA,NA,NA,NA,NA,NA,NA,NA,NA,NA,NA,NA,NA,NA,NA,NA,NA,NA,NA,NA,NA,NA,NA,NA,NA,NA,NA,30,"25",24,24,23,21,20,20,20,20,20,20,20,20
"143","MV","MDV","AS","Maldives",NA,NA,NA,NA,NA,NA,NA,NA,NA,NA,NA,NA,NA,NA,NA,NA,NA,NA,NA,NA,NA,NA,NA,NA,0,0,0,0,"0",0,0,0,0,0,15,15,15,15,15,15,15
"144","MX","MEX","NO","Mexico",42,42,42,42,42,42,42,40.6,39.2,37,36,35,"35",34.8,34,34,34,34,34,35,35,35,35,34,33,30,29,28,"28",28,30,30,30,30,30,30,30,30,30,30,30
"145","MH","MHL","OC","Marshall Islands",NA,NA,NA,NA,NA,NA,NA,NA,NA,NA,NA,NA,NA,NA,NA,NA,NA,NA,NA,NA,NA,NA,NA,NA,NA,NA,NA,NA,NA,NA,NA,NA,NA,NA,NA,NA,NA,NA,NA,NA,NA
"146","MK","MKD","EU","The former Yugoslav Republic of Macedonia",NA,NA,NA,NA,NA,NA,NA,NA,NA,NA,NA,NA,NA,NA,NA,NA,NA,NA,18,NA,NA,15,15,15,15,15,15,12,"10",10,10,10,10,10,10,10,10,10,10,10,10
"147","ML","MLI","AF","Mali",NA,NA,NA,NA,NA,NA,NA,NA,NA,NA,NA,NA,NA,NA,NA,NA,NA,NA,NA,NA,NA,NA,NA,NA,NA,NA,NA,NA,NA,NA,NA,35,35,30,30,30,30,30,30,30,30
"148","MT","MLT","EU","Malta",32.5,32.5,32.5,32.5,32.5,32.5,32.5,32.5,32.5,32.5,35,35,"35",35,35,35,35,35,35,35,35,35,35,35,35,35,35,35,"35",35,35,35,35,35,35,35,35,35,35,35,35
"149","MM","MMR","AS","Myanmar",NA,50,NA,NA,NA,NA,NA,NA,NA,NA,NA,NA,NA,NA,NA,NA,NA,NA,30,30,30,30,30,NA,30,30,NA,NA,NA,NA,NA,NA,NA,25,25,25,25,25,25,25,25
"150","ME","MNE","EU","Montenegro",NA,NA,NA,NA,NA,NA,NA,NA,NA,NA,NA,NA,NA,NA,NA,NA,NA,NA,NA,NA,NA,NA,NA,NA,NA,9,9,9,"9",9,9,9,9,9,9,9,9,9,9,9,9
"151","MN","MNG","AS","Mongolia",NA,NA,NA,NA,NA,NA,NA,NA,NA,NA,NA,NA,NA,NA,NA,NA,NA,NA,NA,NA,NA,NA,NA,NA,NA,NA,NA,NA,NA,NA,25,25,25,25,25,25,25,25,25,25,25
"152","MP","MNP","OC","Northern Mariana Islands",NA,NA,NA,NA,NA,NA,NA,NA,NA,NA,NA,NA,NA,NA,NA,NA,NA,NA,NA,NA,NA,NA,NA,NA,35,35,35,35,"35",35,35,35,35,35,35,35,35,35,21,21,21
"153","MZ","MOZ","AF","Mozambique",NA,NA,NA,NA,NA,NA,NA,NA,NA,NA,NA,NA,NA,NA,NA,45,45,45,45,35,35,35,35,32,32,32,32,32,"32",32,32,32,32,32,32,32,32,32,32,32,32
"154","MR","MRT","AF","Mauritania",NA,NA,NA,NA,NA,NA,NA,NA,NA,NA,NA,NA,NA,NA,NA,NA,NA,NA,NA,NA,NA,NA,NA,NA,20,20,25,25,"25",25,25,25,25,25,25,25,25,25,25,25,25
"155","MS","MSR","NO","Montserrat",NA,NA,NA,NA,NA,NA,NA,NA,NA,NA,NA,NA,NA,NA,NA,NA,NA,NA,NA,NA,NA,NA,NA,NA,NA,NA,NA,NA,NA,NA,NA,NA,NA,NA,NA,NA,NA,NA,NA,NA,30
"156","MQ","MTQ","NO","Martinique",NA,NA,NA,NA,NA,NA,NA,NA,NA,NA,NA,NA,NA,NA,NA,NA,NA,NA,NA,NA,NA,NA,NA,NA,NA,NA,NA,NA,NA,NA,NA,NA,NA,NA,NA,NA,NA,NA,NA,NA,NA
"157","MU","MUS","AF","Mauritius",50,NA,NA,NA,NA,NA,NA,NA,35,35,35,35,"35",35,35,35,35,35,35,35,35,25,25,25,25,25,25,22.5,"15",15,15,15,15,15,15,15,15,15,15,15,15
"158","MW","MWI","AF","Malawi",45,45,45,50,50,50,50,50,50,50,50,45,"40",35,35,35,38,38,38,38,38,38,35,NA,NA,30,30,30,"30",30,30,30,30,30,30,30,30,30,30,30,30
"159","MY","MYS","AS","Malaysia",40,40,40,40,40,40,40,40,40,35,35,35,"35",34,32,30,30,30,28,28,28,28,28,28,28,28,28,27,"26",25,25,25,25,25,25,25,24,24,24,24,24
"160","YT","MYT","AF","Mayotte",NA,NA,NA,NA,NA,NA,NA,NA,NA,NA,NA,NA,NA,NA,NA,NA,NA,NA,NA,NA,NA,NA,NA,NA,NA,NA,NA,NA,NA,NA,NA,NA,NA,NA,NA,NA,NA,NA,NA,NA,NA
"161",NA,"NAM","AF","Namibia",NA,NA,NA,NA,NA,NA,NA,NA,NA,NA,NA,40,"40",40,38,35,35,35,35,35,35,35,35,NA,35,35,35,35,"35",35,35,34,34,33,33,33,32,32,32,32,32
"162","NC","NCL","OC","New Caledonia",NA,NA,NA,NA,NA,NA,NA,NA,NA,NA,NA,NA,NA,30,30,30,30,30,30,NA,NA,NA,NA,NA,NA,NA,NA,NA,NA,NA,NA,NA,NA,NA,NA,NA,NA,30,30,30,30
"163","NE","NER","AF","Niger",NA,NA,NA,NA,NA,NA,NA,NA,NA,NA,NA,NA,NA,NA,NA,NA,NA,NA,NA,NA,NA,NA,NA,NA,NA,NA,NA,NA,NA,NA,NA,30,30,30,30,30,30,30,30,30,30
"164","NF","NFK","OC","Norfolk Island",NA,NA,NA,NA,NA,NA,NA,NA,NA,NA,NA,NA,NA,NA,NA,NA,NA,NA,NA,NA,NA,NA,NA,NA,NA,NA,NA,NA,NA,NA,NA,NA,NA,NA,NA,NA,NA,NA,NA,NA,NA
"165","NG","NGA","AF","Nigeria",45,45,45,45,45,45,45,40,40,40,40,40,"35",35,35,35,30,30,30,30,30,30,30,30,30,30,30,30,"30",30,30,30,30,30,30,30,30,30,30,30,30
"166","NI","NIC","NO","Nicaragua",50,50,40,40,40,40,40,NA,NA,NA,NA,NA,"35.5",30,30,30,30,30,30,30,NA,25,25,NA,30,30,30,30,"30",30,30,30,30,30,30,30,30,30,30,30,30
"167","NU","NIU","OC","Niue",NA,NA,NA,NA,NA,NA,NA,NA,NA,NA,NA,NA,NA,NA,NA,NA,NA,NA,NA,NA,NA,NA,NA,NA,NA,NA,NA,NA,NA,NA,NA,NA,NA,NA,NA,NA,NA,NA,NA,NA,30
"168","NL","NLD","EU","Netherlands",48,48,48,48,43,43,42,42,42,35,35,35,"35",35,35,35,35,35,35,35,35,35,34.5,34.5,34.5,31.5,29.6,25.5,"25.5",25.5,25.5,25,25,25,25,25,25,25,25,25,25
"169","NO","NOR","EU","Norway",NA,50.8,50.8,50.8,50.8,50.8,50.8,50.8,50.8,50.8,50.8,50.8,"28",28,28,28,28,28,28,28,28,28,28,28,28,28,28,28,"28",28,28,28,28,28,27,27,25,24,23,22,22
"170","NP","NPL","AS","Nepal",NA,NA,NA,NA,NA,NA,NA,NA,NA,NA,NA,NA,NA,NA,NA,NA,NA,NA,NA,NA,NA,NA,NA,NA,25,25,25,NA,NA,NA,25,25,25,25,25,25,25,25,25,25,25
"171","NR","NRU","OC","Nauru",NA,NA,NA,NA,NA,NA,NA,NA,NA,NA,NA,NA,NA,NA,NA,NA,NA,NA,NA,NA,NA,NA,NA,NA,NA,NA,NA,NA,NA,NA,NA,NA,NA,NA,NA,NA,NA,20,25,25,25
"172","NZ","NZL","OC","New Zealand",45,45,45,45,45,45,48,48,28,33,33,33,"33",33,33,33,33,33,33,33,33,33,33,33,33,33,33,33,"30",30,30,28,28,28,28,28,28,28,28,28,28
"173","OM","OMN","AS","Oman",50,50,50,50,50,50,50,50,50,50,50,50,"50",50,50,50,50,50,30,30,30,12,12,12,12,12,12,12,"12",12,12,12,12,12,12,12,12,12,15,15,15
"174","PK","PAK","AS","Pakistan",55,55,55,55,55,55,55,55,55,60,45,50,"55",52,49,46,46,46,40,45.15,45.15,45.15,45,35,35,35,35,35,"35",35,35,35,35,35,34,33,32,31,30,29,29
"175","PA","PAN","NO","Panama",50,50,50,50,50,50,50,50,50,50,50,47.5,"45",42,34,34,34,30,30,30,37,37,37,30,30,30,30,30,"30",30,27.5,25,25,25,25,25,25,25,25,25,25
"176","PN","PCN","OC","Pitcairn",NA,NA,NA,NA,NA,NA,NA,NA,NA,NA,NA,NA,NA,NA,NA,NA,NA,NA,NA,NA,NA,NA,NA,NA,NA,NA,NA,NA,NA,NA,NA,NA,NA,NA,NA,NA,NA,NA,NA,NA,NA
"177","PE","PER","SA","Peru",55,55,55,55,55,55,40,35,35,35,35,30,"30",30,30,30,30,30,30,30,30,30,30,27,30,30,30,30,"30",30,30,30,30,30,30,30,28,29.5,29.5,29.5,29.5
"178","PH","PHL","AS","Philippines",35,35,35,35,35,35,35,35,35,35,35,35,"35",35,35,35,35,35,34,33,32,32,32,32,32,32,35,35,"35",30,30,30,30,30,30,30,30,30,30,30,30
"179","PW","PLW","OC","Palau",NA,NA,NA,NA,NA,NA,NA,NA,NA,NA,NA,NA,NA,NA,NA,NA,NA,NA,NA,NA,NA,NA,NA,NA,NA,NA,NA,NA,NA,NA,NA,NA,NA,NA,NA,NA,NA,NA,NA,NA,NA
"180","PG","PNG","OC","Papua New Guinea",36.5,36.5,36.5,36.5,35,35,35,35,35,30,30,30,"30",25,25,25,25,25,25,25,25,25,25,30,30,30,30,30,"30",30,30,30,30,30,30,30,30,30,30,30,30
"181","PL","POL","EU","Poland",NA,NA,NA,NA,NA,NA,NA,NA,NA,NA,NA,40,"40",40,40,40,40,38,36,34,30,28,28,27,19,19,19,19,"19",19,19,19,19,19,19,19,19,19,19,19,19
"182","PR","PRI","NO","Puerto Rico",22,22,20,22,22,22,22,22,22,22,22,22,"22",22,22,19,20,20,20,20,NA,39,39,NA,39,39,39,39,"39",39,39,39,30,30,39,39,39,39,39,37.5,37.5
"183","KP","PRK","AS","Democratic People's Republic of Korea",NA,NA,NA,NA,NA,NA,NA,NA,NA,NA,NA,NA,NA,NA,NA,NA,NA,NA,NA,NA,NA,NA,NA,NA,NA,NA,NA,NA,NA,NA,NA,NA,NA,NA,NA,NA,NA,NA,NA,NA,NA
"184","PT","PRT","EU","Portugal",NA,48.96,50.72,55.12,55.12,55.12,50.28,48.08,48.08,40.15,40.15,39.6,"39.6",39.6,39.6,39.6,39.6,37.4,37.4,37.4,35.2,35.2,33,33,27.5,27.5,27.5,26.5,"26.5",26.5,26.5,28.5,31.5,31.5,31.5,29.5,29.5,29.5,31.5,31.5,31.5
"185","PY","PRY","SA","Paraguay",30,30,30,30,30,30,30,30,30,30,30,30,"30",30,30,30,30,30,30,30,30,30,30,30,30,20,10,10,"10",10,10,10,10,10,10,10,10,10,10,10,10
"186","PS","PSE","AS","State of Palestine",NA,NA,NA,NA,NA,NA,NA,NA,NA,NA,NA,NA,NA,NA,NA,NA,NA,NA,NA,NA,NA,NA,NA,NA,20,20,15,15,"15",15,15,15,15,15,15,15,15,15,15,15,15
"187","PF","PYF","OC","French Polynesia",NA,NA,NA,NA,NA,NA,NA,NA,NA,NA,NA,NA,NA,NA,NA,NA,NA,NA,45,NA,NA,NA,NA,NA,NA,NA,NA,NA,NA,NA,NA,NA,NA,NA,NA,NA,NA,28,27,26,25
"188","QA","QAT","AS","Qatar",NA,NA,50,50,50,50,50,50,50,50,50,50,"50",50,35,35,35,35,35,35,35,35,35,35,35,35,35,35,"35",35,10,10,10,10,10,10,10,10,10,10,10
"189","RE","REU","AF","Reunion",NA,NA,NA,NA,NA,NA,NA,NA,NA,NA,NA,NA,NA,NA,NA,NA,NA,NA,NA,NA,NA,NA,NA,NA,NA,NA,NA,NA,NA,NA,NA,NA,NA,NA,NA,NA,NA,NA,NA,NA,NA
"190","RO","ROU","EU","Romania",NA,NA,NA,NA,NA,NA,NA,NA,NA,NA,NA,NA,NA,45,45,38,38,38,38,38,38,25,25,25,25,16,16,16,"16",16,16,16,16,16,16,16,16,16,16,16,16
"191","RU","RUS","EU","Russian Federation",NA,NA,NA,NA,NA,NA,NA,NA,NA,NA,35,30,"32",32,35,35,35,35,35,35,35,35,24,24,24,24,24,24,"24",20,20,20,20,20,20,20,20,20,20,20,20
"192","RW","RWA","AF","Rwanda",NA,NA,NA,NA,NA,NA,NA,NA,NA,NA,NA,NA,NA,NA,NA,NA,NA,NA,NA,NA,NA,NA,NA,NA,35,35,35,30,"30",30,30,30,30,30,30,30,30,30,30,30,30
"193","SA","SAU","AS","Saudi Arabia",45,45,45,45,45,45,45,45,45,45,45,45,"45",45,45,45,45,45,45,45,45,30,30,30,30,30,20,20,"20",20,20,20,20,20,20,20,20,20,20,20,20
"194","SD","SDN","AF","Sudan",NA,NA,NA,NA,NA,NA,NA,NA,NA,NA,NA,45,NA,NA,NA,60,60,60,60,60,40,40,40,35,35,35,35,30,"15",15,15,35,35,35,35,35,35,35,35,35,35
"195","SN","SEN","AF","Senegal",NA,NA,33.3,33.3,33.3,33.3,33.3,33.3,33.3,33.3,35,35,"35",35,35,35,35,35,35,35,35,35,35,NA,35,33,33,25,"25",25,25,25,25,30,30,30,30,30,30,30,30
"196","SG","SGP","AS","Singapore",40,40,40,40,40,40,40,33,33,33,32,31,"31",30,27,27,26,26,26,26,26,25.5,24.5,22,22,20,20,20,"18",18,17,17,17,17,17,17,17,17,17,17,17
"197","GS","SGS","AN","South Georgia and the South Sandwich Islands",NA,NA,NA,NA,NA,NA,NA,NA,NA,NA,NA,NA,NA,NA,NA,NA,NA,NA,NA,NA,NA,NA,NA,NA,NA,NA,NA,NA,NA,NA,NA,NA,NA,NA,NA,NA,NA,NA,NA,NA,NA
"198","SH","SHN","AF","Saint Helena",NA,NA,NA,NA,NA,NA,NA,NA,NA,NA,NA,NA,NA,NA,NA,NA,NA,NA,NA,NA,NA,NA,NA,NA,NA,NA,NA,NA,NA,NA,NA,NA,NA,NA,NA,NA,NA,NA,NA,25,25
"199","SJ","SJM","EU","Svalbard and Jan Mayen Islands",NA,NA,NA,NA,NA,NA,NA,NA,NA,NA,NA,NA,NA,NA,NA,NA,NA,NA,NA,NA,NA,NA,NA,NA,NA,NA,NA,NA,NA,NA,NA,NA,NA,NA,NA,NA,NA,NA,NA,NA,NA
"200","SB","SLB","OC","Solomon Islands",35,35,35,35,35,35,35,35,35,35,35,35,"35",35,35,35,35,35,35,NA,NA,35,35,NA,NA,NA,NA,NA,NA,NA,30,30,30,30,30,30,30,30,30,30,30
"201","SL","SLE","AF","Sierra Leone",NA,45,NA,NA,NA,NA,NA,NA,NA,NA,NA,NA,NA,NA,NA,47.2,47.2,47.2,47.2,47.2,45,45,45,NA,NA,NA,NA,NA,NA,NA,NA,NA,NA,NA,30,30,30,30,30,30,30
"202","SV","SLV","NO","El Salvador",30,30,30,30,30,30,30,35,35,35,30,30,"25",25,25,25,25,25,25,25,25,25,25,25,25,25,25,25,"25",25,25,25,30,30,30,30,30,30,30,30,30
"203","SM","SMR","EU","San Marino",NA,NA,NA,NA,NA,NA,NA,NA,NA,NA,NA,NA,NA,NA,NA,NA,NA,NA,NA,NA,NA,NA,NA,NA,NA,NA,NA,NA,NA,NA,NA,NA,NA,17,17,17,17,17,17,17,17
"204","SO","SOM","AF","Somalia",NA,NA,NA,NA,NA,NA,NA,NA,NA,NA,NA,NA,NA,NA,NA,NA,NA,NA,NA,NA,NA,NA,NA,NA,NA,NA,NA,NA,NA,NA,NA,NA,NA,NA,NA,NA,NA,NA,NA,NA,NA
"205","PM","SPM","NO","Saint Pierre and Miquelon",NA,NA,NA,NA,NA,NA,NA,NA,NA,NA,NA,NA,NA,NA,NA,NA,NA,NA,NA,NA,NA,NA,NA,NA,NA,NA,NA,NA,NA,NA,NA,NA,NA,NA,NA,NA,NA,NA,NA,NA,NA
"206","RS","SRB","EU","Serbia",NA,NA,NA,NA,NA,NA,NA,NA,NA,NA,NA,NA,NA,NA,NA,NA,NA,NA,NA,NA,NA,NA,NA,14,12.33,10,10,10,"10",10,10,10,10,15,15,15,15,15,15,15,15
"207","SS","SSD","AF","South Sudan",NA,NA,NA,NA,NA,NA,NA,NA,NA,NA,NA,NA,NA,NA,NA,NA,NA,NA,NA,NA,NA,NA,NA,NA,NA,NA,NA,NA,NA,NA,NA,NA,NA,NA,20,20,20,25,25,25,25
"208","ST","STP","AF","Sao Tome and Principe",NA,NA,NA,NA,NA,NA,NA,NA,NA,NA,NA,NA,NA,NA,NA,NA,NA,NA,NA,NA,NA,NA,NA,NA,NA,NA,NA,NA,NA,NA,NA,NA,NA,NA,NA,25,25,25,25,25,25
"209","SR","SUR","SA","Suriname",NA,NA,NA,NA,NA,NA,NA,NA,NA,NA,NA,NA,NA,NA,NA,45,45,38,38,38,38,38,36,NA,36,36,NA,NA,NA,NA,NA,NA,NA,36,34.5,34.5,36,36,36,36,36
"210","SK","SVK","EU","Slovakia",NA,NA,NA,NA,NA,NA,NA,NA,NA,NA,NA,NA,NA,45,40,40,40,40,40,40,29,29,25,25,19,19,19,19,"19",19,19,19,19,23,22,22,22,21,21,21,21
"211","SI","SVN","EU","Slovenia",NA,NA,NA,NA,NA,NA,NA,NA,NA,NA,NA,NA,NA,NA,NA,NA,30,25,25,25,25,25,25,25,25,25,25,23,"22",21,20,20,18,17,17,17,17,19,19,19,19
"212","SE","SWE","EU","Sweden",NA,57.8,57.8,58.1,56.6,56.6,56.6,56.6,56.6,60.1,53,30,"30",30,28,28,28,28,28,28,28,28,28,28,28,28,28,28,"28",26.3,26.3,26.3,26.3,22,22,22,22,22,22,21.4,21.4
"213","SZ","SWZ","AF","Swaziland",37.5,NA,NA,NA,NA,NA,NA,NA,NA,NA,NA,37.5,"37.5",37.5,37.5,37.5,37.5,37.5,37.5,37.5,37.5,37.5,30,NA,30,30,30,NA,NA,NA,30,30,30,30,27.5,27.5,27.5,27.5,28,27.5,27.5
"214","SX","SXM","NO","Sint Maarten (Dutch part)",NA,NA,NA,NA,NA,NA,NA,NA,NA,NA,NA,NA,NA,NA,NA,NA,NA,NA,NA,NA,NA,NA,NA,NA,NA,NA,NA,NA,NA,NA,NA,34.5,34.5,34.5,34.5,34.5,34.5,34.5,35,35,35
"215","SC","SYC","AF","Seychelles",35,NA,NA,NA,NA,NA,NA,NA,NA,NA,NA,NA,NA,NA,NA,NA,NA,NA,NA,NA,40,40,40,40,40,40,40,40,"40",40,33,33,33,33,33,33,33,33,33,33,33
"216","SY","SYR","AS","Syrian Arab Republic",NA,NA,NA,NA,NA,NA,NA,NA,NA,NA,NA,NA,NA,NA,45,NA,50,50,50,50,NA,NA,NA,35,35,35,35,28,"28",28,28,28,28,28,28,28,28,28,28,28,28
"217","TC","TCA","NO","Turks and Caicos Islands",NA,NA,NA,NA,NA,NA,NA,NA,NA,NA,NA,NA,NA,NA,NA,NA,NA,NA,NA,NA,NA,NA,NA,NA,NA,NA,NA,NA,NA,NA,NA,NA,NA,NA,NA,NA,0,0,0,0,0
"218","TD","TCD","AF","Chad",NA,NA,NA,NA,NA,NA,NA,NA,NA,NA,NA,NA,NA,NA,NA,NA,NA,NA,NA,NA,NA,NA,NA,NA,NA,NA,NA,NA,NA,NA,NA,40,40,40,40,40,35,35,35,35,35
"219","TG","TGO","AF","Togo",NA,NA,NA,NA,NA,NA,NA,NA,NA,NA,NA,NA,NA,NA,NA,NA,NA,NA,NA,NA,NA,NA,NA,NA,NA,NA,NA,NA,NA,NA,NA,NA,NA,NA,NA,29,29,29,28,28,27
"220","TH","THA","AS","Thailand",35,35,30,30,30,30,30,30,30,30,30,30,"30",30,30,30,30,30,30,30,30,30,30,30,30,30,30,30,"30",30,30,30,23,20,20,20,20,20,20,20,20
"221","TJ","TJK","AS","Tajikistan",NA,NA,NA,NA,NA,NA,NA,NA,NA,NA,NA,NA,NA,NA,NA,NA,NA,NA,NA,NA,NA,NA,NA,NA,NA,NA,NA,NA,NA,NA,25,25,25,25,25,25,24,23,23,23,23
"222","TK","TKL","OC","Tokelau",NA,NA,NA,NA,NA,NA,NA,NA,NA,NA,NA,NA,NA,NA,NA,NA,NA,NA,NA,NA,NA,NA,NA,NA,NA,NA,NA,NA,NA,NA,NA,NA,NA,NA,NA,NA,NA,NA,NA,0,0
"223","TM","TKM","AS","Turkmenistan",NA,NA,NA,NA,NA,NA,NA,NA,NA,NA,NA,NA,NA,NA,NA,NA,NA,NA,NA,NA,NA,30,30,30,30,25,NA,NA,NA,NA,8,8,8,8,8,8,8,8,8,8,8
"224","TL","TLS","OC","Timor-Leste",NA,NA,NA,NA,NA,NA,NA,NA,NA,NA,NA,NA,NA,NA,NA,NA,NA,NA,NA,NA,NA,NA,NA,NA,NA,NA,NA,NA,NA,NA,NA,NA,10,10,10,10,10,10,10,10,10
"225","TO","TON","OC","Tonga",NA,NA,NA,NA,NA,NA,NA,NA,NA,NA,NA,NA,NA,NA,NA,NA,NA,NA,NA,NA,NA,NA,NA,NA,NA,NA,NA,NA,NA,NA,NA,NA,NA,NA,NA,25,25,25,25,25,25
"226","TT","TTO","NO","Trinidad and Tobago",45,45,45,45,45,45,45,45,40,45,40,40,"40",45,45,38,35,35,35,35,35,35,35,NA,30,30,30,25,"25",25,25,25,25,25,25,25,25,30,30,30,30
"227","TN","TUN","AF","Tunisia",NA,NA,NA,NA,NA,NA,NA,NA,NA,NA,NA,NA,NA,NA,NA,35,35,35,35,35,35,35,35,35,35,35,35,30,"30",30,30,30,30,30,25,25,25,25,25,25,25
"228","TR","TUR","AS","Turkey",NA,NA,NA,NA,NA,NA,NA,NA,NA,NA,NA,NA,NA,49.22,42.8,44,44,44,44,33,33,33,33,30,33,30,20,20,"20",20,20,20,20,20,20,20,20,20,22,22,22
"229","TV","TUV","OC","Tuvalu",NA,NA,NA,NA,NA,NA,NA,NA,NA,NA,NA,NA,NA,NA,NA,NA,NA,NA,NA,NA,NA,NA,NA,NA,NA,NA,NA,NA,NA,NA,NA,NA,NA,NA,NA,NA,NA,NA,NA,NA,NA
"230","TW","TWN","AS","Taiwan",35,35,35,35,35,30,25,25,25,25,25,25,"25",25,25,25,25,25,25,25,25,25,25,25,25,25,25,25,"25",25,17,17,17,17,17,17,17,17,20,20,20
"231","TZ","TZA","AF","United Republic of Tanzania",50,50,50,50,50,50,50,50,50,50,50,50,"45",35,35,35,35,35,30,30,30,30,30,NA,30,30,30,30,"30",30,30,30,30,30,30,30,30,30,30,30,30
"232","UG","UGA","AF","Uganda",NA,NA,NA,NA,NA,NA,NA,NA,NA,NA,NA,40,"40",35,30,30,30,30,30,30,30,30,30,30,30,30,30,30,"30",30,30,30,30,30,30,30,30,30,30,30,30
"233","UA","UKR","EU","Ukraine",NA,NA,NA,NA,NA,NA,NA,NA,NA,NA,NA,NA,NA,NA,NA,22,30,30,30,30,30,30,30,30,25,25,25,25,"25",25,25,25,21,19,18,18,18,18,18,18,18
"234","UM","UMI","OC","United States Minor Outlying Islands",NA,NA,NA,NA,NA,NA,NA,NA,NA,NA,NA,NA,NA,NA,NA,NA,NA,NA,NA,NA,NA,NA,NA,NA,NA,NA,NA,NA,NA,NA,NA,NA,NA,NA,NA,NA,NA,NA,NA,NA,NA
"235","UY","URY","SA","Uruguay",25,25,25,25,30,30,30,30,30,30,30,30,"30",30,30,30,30,30,30,30,30,30,30,35,30,30,30,30,"25",25,25,25,25,25,25,25,25,25,25,25,25
"236","US","USA","NO","United States of America",49.699,49.699,49.699,49.834,49.7854,49.7854,49.8232,44.176,38.5936,38.6662,38.653,38.851,"38.8642",39.7515,39.6865,39.6085,39.5305,39.4525,39.4395,39.394,39.34,39.27,39.3,39.3225,39.316,39.29,39.303,39.2705,"39.251",39.16,39.2055,39.1925,39.134,39.0495,39.0755,38.9975,38.923934,38.906474,25.83858,25.886141,25.766571
"237","UZ","UZB","AS","Uzbekistan",NA,NA,NA,NA,NA,NA,NA,NA,NA,NA,NA,NA,NA,NA,NA,NA,NA,NA,35,33,33,33,33,NA,20,18,15,10,"10",10,9,9,9,9,8,8,7.5,7.5,7.5,7.5,7.5
"238","VA","VAT","EU","Holy See",NA,NA,NA,NA,NA,NA,NA,NA,NA,NA,NA,NA,NA,NA,NA,NA,NA,NA,NA,NA,NA,NA,NA,NA,NA,NA,NA,NA,NA,NA,NA,NA,NA,NA,NA,NA,NA,NA,NA,NA,NA
"239","VC","VCT","NO","Saint Vincent and the Grenadines",NA,NA,NA,NA,NA,NA,NA,NA,NA,NA,NA,45,"30",NA,NA,NA,NA,NA,40,NA,NA,NA,NA,NA,NA,NA,NA,NA,NA,NA,NA,NA,NA,NA,NA,32.5,32.5,32.5,33,30,30
"240","VE","VEN","SA","Venezuela (Bolivarian Republic of)",50,50,50,50,50,50,50,50,50,50,50,50,"30",30,30,34,34,34,34,34,34,34,34,34,34,34,34,34,"34",34,34,34,34,34,34,34,34,34,34,34,34
"241","VG","VGB","NO","British Virgin Islands",NA,NA,NA,NA,15,15,15,15,15,15,15,15,"15",15,15,15,15,15,15,15,15,15,15,NA,15,15,0,0,"0",0,0,0,0,0,0,0,0,0,0,0,0
"242","VI","VIR","NO","United States Virgin Islands",NA,NA,NA,NA,NA,NA,NA,NA,NA,NA,NA,NA,NA,NA,NA,NA,NA,NA,NA,NA,38.5,38.5,38.5,NA,38.5,38.5,38.5,38.5,"38.5",38.5,38.5,38.5,38.5,38.5,38.5,38.5,38.5,38.5,23.1,23.1,23.1
"243","VN","VNM","AS","Viet Nam",NA,NA,NA,NA,NA,NA,NA,NA,NA,NA,NA,NA,NA,25,25,25,25,25,25,32,32,32,32,32,28,28,28,28,"28",25,25,25,25,25,22,22,22,20,20,20,20
"244","VU","VUT","OC","Vanuatu",0,0,0,0,0,0,0,0,0,0,0,0,"0",0,0,0,0,0,0,0,0,0,NA,NA,NA,NA,NA,NA,NA,NA,0,0,0,0,0,0,0,0,0,0,0
"245","WF","WLF","OC","Wallis and Futuna Islands",NA,NA,NA,NA,NA,NA,NA,NA,NA,NA,NA,NA,NA,NA,NA,NA,NA,NA,NA,NA,NA,NA,NA,NA,NA,NA,NA,NA,NA,NA,NA,NA,NA,NA,0,0,0,0,0,0,0
"246","WS","WSM","OC","Samoa",42,42,42,42,42,42,42,39,39,39,39,39,"39",39,39,39,39,39,39,39,39,35,NA,29,29,29,29,27,"27",27,27,27,27,27,27,27,27,27,27,27,27
"247","XK","XKX","EU","Kosovo, Republic of",NA,NA,NA,NA,NA,NA,NA,NA,NA,NA,NA,NA,NA,NA,NA,NA,NA,NA,NA,NA,NA,NA,NA,NA,NA,NA,NA,NA,NA,NA,NA,NA,NA,NA,10,10,10,10,10,10,10
"248","YE","YEM","AS","Yemen",NA,NA,NA,NA,NA,NA,NA,NA,NA,NA,NA,NA,NA,NA,NA,36,36,32,32,35,35,35,35,35,35,35,35,35,"35",35,35,20,20,20,20,20,20,20,20,20,20
"249","ZA","ZAF","AF","South Africa",42,40,40,42,42,50,50,50,50,50,50,50,"48",NA,NA,NA,NA,NA,NA,NA,37.8,37.8,37.8,37.8,37.8,37.8,36.89,36.89,"34.55",34.55,34.55,34.55,34.55,28,28,28,28,28,28,28,28
"250","ZM","ZMB","AF","Zambia",48,48,50,45,45,50,50,45,45,45,45,45,"40",40,35,35,35,35,35,35,35,35,35,35,35,35,35,35,"35",35,35,35,35,35,35,35,35,35,35,35,35
"251","ZW","ZWE","AF","Zimbabwe",45,45,45,45,45,45,45,45,45,50,50,50,"45",42.5,42.5,40,37.5,37.5,37.5,35,35,35,30,30.9,30.9,30.9,30.9,30.9,"30.9",30.9,25.75,25.75,25.75,25.75,25.75,25.75,25.75,25.75,25.75,25.75,24.72
