,CountryName,CountryID,1980,1981,1982,1983,1984,1985,1986,1987,1988,1989,1990,1991,1992,1993,1994,1995,1996,1997,1998,1999,2000,2001,2002,2003,2004,2005,2006,2007,2008,2009,2010,2011,2012,2013,2014,2015,2016,2017,2018
1,Afghanistan,1,NA,NA,NA,NA,NA,NA,NA,NA,NA,NA,NA,NA,NA,NA,NA,NA,NA,NA,NA,NA,NA,NA,NA,0,0,20,20,20,20,20,20,20,20,20,20,20,20,20,20
2,Aland Islands,2,NA,NA,NA,NA,NA,NA,NA,NA,NA,NA,NA,NA,NA,NA,NA,NA,NA,NA,NA,NA,NA,NA,NA,NA,NA,NA,NA,NA,NA,NA,NA,NA,NA,NA,NA,NA,NA,20,20
3,Albania,3,NA,NA,NA,NA,NA,NA,NA,NA,NA,NA,NA,NA,NA,NA,NA,30,30,30,30,30,30,30,25,25,25,23,20,20,10,10,10,10,10,10,15,15,15,15,15
4,Algeria,4,NA,NA,NA,NA,NA,NA,NA,NA,NA,NA,NA,NA,NA,NA,NA,NA,NA,NA,NA,NA,NA,NA,NA,NA,NA,NA,NA,NA,NA,NA,NA,NA,25,25,25,23,26,26,26
5,American Samoa,5,NA,NA,NA,NA,NA,NA,NA,NA,NA,NA,NA,NA,NA,NA,NA,NA,NA,NA,NA,NA,NA,NA,NA,NA,NA,NA,NA,NA,NA,NA,NA,NA,NA,NA,NA,NA,NA,NA,NA
6,Andorra,6,NA,NA,NA,NA,NA,NA,NA,NA,NA,NA,NA,NA,NA,NA,NA,NA,NA,NA,NA,NA,NA,NA,NA,NA,NA,NA,NA,NA,NA,NA,0,0,10,10,10,10,10,10,10
8,Angola,7,NA,NA,NA,NA,NA,NA,NA,NA,NA,NA,NA,NA,NA,NA,NA,40,40,40,40,40,40,35,35,35,35,35,35,35,35,35,35,35,35,35,35,30,30,30,30
9,Anguilla,8,NA,NA,NA,NA,NA,NA,NA,NA,NA,NA,NA,NA,NA,NA,NA,NA,NA,NA,NA,NA,NA,NA,NA,NA,NA,NA,NA,NA,NA,NA,NA,NA,NA,0,0,0,0,0,0
10,Antarctica,9,NA,NA,NA,NA,NA,NA,NA,NA,NA,NA,NA,NA,NA,NA,NA,NA,NA,NA,NA,NA,NA,NA,NA,NA,NA,NA,NA,NA,NA,NA,NA,NA,NA,NA,NA,NA,NA,NA,NA
11,Antigua and Barbuda,10,NA,NA,NA,NA,NA,NA,NA,40,40,40,40,40,40,40,40,40,40,40,40,40,40,40,NA,NA,NA,NA,NA,30,25,25,25,25,25,25,25,25,25,25,25
12,Argentina,11,33,33,33,33,33,33,33,33,33,33,20,20,20,30,30,30,30,33,33,35,35,35,35,35,35,35,35,35,35,35,35,35,35,35,35,35,35,35,30
13,Armenia,12,NA,NA,NA,NA,NA,NA,NA,NA,NA,NA,NA,NA,NA,NA,NA,NA,20,30,30,30,25,25,20,20,20,20,20,20,20,20,20,20,20,20,20,20,20,20,20
14,Aruba,13,NA,NA,NA,NA,NA,NA,NA,NA,NA,NA,NA,NA,NA,NA,NA,NA,NA,NA,NA,NA,NA,NA,NA,NA,NA,35,35,28,28,28,28,28,28,28,28,28,25,25,25
15,Australia,14,46,46,46,46,46,46,49,49,39,39,39,39,39,33,33,36,36,36,36,36,34,30,30,30,30,30,30,30,30,30,30,30,30,30,30,30,30,30,30
16,Austria,15,55,55,55,55,55,55,55,55,55,30,30,30,30,30,34,34,34,34,34,34,34,34,34,34,34,25,25,25,25,25,25,25,25,25,25,25,25,25,25
17,Azerbaijan,16,NA,NA,NA,NA,NA,NA,NA,NA,NA,NA,NA,NA,NA,NA,NA,NA,25,32,32,32,32,27,27,NA,25,24,24,22,22,22,20,20,20,20,20,20,20,20,20
18,Bahamas,17,0,0,0,0,0,0,0,0,0,0,0,0,0,0,0,0,0,0,0,0,0,0,0,0,0,0,0,0,0,0,0,0,0,0,0,0,0,0,0
19,Bahrain,18,0,0,0,0,0,0,0,0,0,0,0,0,0,0,0,0,0,0,0,0,0,0,0,0,0,0,0,0,0,0,0,0,0,0,0,0,0,0,0
21,Bangladesh*,19,NA,NA,NA,NA,NA,NA,NA,NA,NA,NA,NA,40,40,40,40,40,40,40,40,35,35,35,35,30,30,30,30,30,30,27.5,27.5,27.5,27.5,27.5,27.5,27.5,25,25,25
22,Barbados,20,45,45,45,45,45,45,45,35,35,35,35,35,35,40,40,40,40,40,40,40,40,40,37.5,36,33,30,25,25,25,25,25,25,25,25,25,25,25,25,30
23,Belarus,21,NA,NA,NA,NA,NA,NA,NA,NA,NA,NA,NA,30,30,30,30,30,30,30,30,30,30,30,25,24,24,24,24,24,24,24,24,24,18,18,18,18,18,18,18
24,Belgium,22,48,48,48,45,45,45,45,43,43,43,41,39,39,40.17,40.17,40.17,40.17,40.17,40.17,40.17,40.17,40.17,40.17,33.99,33.99,33.99,35.97,33.99,33.99,33.99,33.99,33.99,33.99,33.99,33.99,33.99,33.99,33.99,29.58
25,Belize,23,NA,NA,NA,NA,NA,NA,NA,45,45,45,45,45,45,35,35,35,35,35,35,NA,NA,NA,NA,NA,NA,NA,NA,NA,NA,NA,NA,NA,NA,NA,NA,NA,NA,NA,NA
26,Benin,24,NA,NA,NA,NA,NA,NA,NA,NA,NA,NA,NA,NA,NA,NA,NA,NA,NA,NA,NA,NA,NA,NA,NA,NA,NA,NA,NA,NA,NA,NA,30,30,30,30,30,30,30,30,30
27,Bermuda,25,0,0,0,0,0,0,0,0,0,0,0,0,0,0,0,0,0,0,0,0,0,0,0,0,0,0,0,0,0,0,0,0,0,0,0,0,0,0,0
28,Bhutan,26,NA,NA,NA,NA,NA,NA,NA,NA,NA,NA,NA,NA,NA,NA,NA,NA,NA,NA,NA,NA,NA,NA,NA,NA,NA,NA,NA,NA,NA,NA,30,30,30,30,30,30,30,30,30
29,Bolivia,27,30,30,30,30,30,30,30,2,2,2,2.5,3,3,3,25,25,25,25,25,25,25,25,25,25,25,25,25,25,25,25,25,25,25,25,25,25,25,25,25
30,"Bonaire, Saint Eustatius and Saba",NA,NA,NA,NA,NA,NA,NA,NA,NA,NA,NA,NA,NA,NA,NA,NA,NA,NA,NA,NA,NA,NA,NA,NA,NA,NA,NA,NA,NA,NA,NA,NA,NA,NA,NA,NA,NA,NA,NA,25
31,Bosnia and Herzegovina,28,NA,NA,NA,NA,NA,NA,NA,NA,NA,NA,NA,NA,NA,NA,NA,NA,NA,NA,NA,NA,NA,NA,NA,10,10,10,10,10,10,10,10,10,10,10,10,10,10,10,10
32,Botswana,29,35,35,35,35,35,35,35,35,40,40,40,30,30,30,25,25,25,25,25,25,25,25,25,25,25,25,25,25,25,25,25,22,22,22,22,22,22,22,22
33,Bouvet Island,30,NA,NA,NA,NA,NA,NA,NA,NA,NA,NA,NA,NA,NA,NA,NA,NA,NA,NA,NA,NA,NA,NA,NA,NA,NA,NA,NA,NA,NA,NA,NA,NA,NA,NA,NA,NA,NA,NA,NA
34,Brazil,31,35,35,35,35,35,35,35,35,35,30,30,30,30,25,25,25,25,25,25,33,37,34,34,34,34,34,34,34,34,34,34,34,34,34,34,34,34,34,34
35,British Indian Ocean Territory,32,NA,NA,NA,NA,NA,NA,NA,NA,NA,NA,NA,NA,NA,NA,NA,NA,NA,NA,NA,NA,NA,NA,NA,NA,NA,NA,NA,NA,NA,NA,NA,NA,NA,NA,NA,NA,NA,NA,NA
36,Brunei Darussalam,33,NA,NA,NA,NA,NA,NA,NA,NA,NA,NA,NA,NA,NA,NA,NA,NA,NA,NA,NA,NA,NA,NA,NA,NA,30,30,30,30,30,25.5,23.5,22,21,20,20,18.5,18.5,18.5,18.5
37,Bulgaria,34,NA,NA,NA,NA,NA,NA,NA,NA,NA,NA,NA,NA,NA,40,40,40,40,36,30,30,30,25,20,23.5,19.5,15,15,10,10,10,10,10,10,10,10,10,10,10,10
38,Burkina Faso,35,NA,NA,NA,NA,NA,NA,NA,NA,NA,NA,NA,NA,NA,NA,NA,NA,NA,NA,NA,NA,NA,NA,NA,NA,NA,NA,NA,NA,NA,NA,NA,NA,NA,NA,NA,27.5,27.5,27.5,28
39,Burundi,36,NA,NA,NA,NA,NA,NA,NA,NA,NA,NA,NA,NA,NA,NA,NA,NA,NA,NA,NA,NA,NA,NA,NA,NA,NA,NA,NA,NA,NA,NA,NA,NA,NA,NA,NA,30,30,30,30
40,Cambodia,37,NA,NA,NA,NA,NA,NA,NA,NA,NA,NA,NA,NA,NA,NA,NA,NA,NA,20,20,20,20,20,20,NA,NA,NA,NA,NA,NA,20,20,20,20,20,20,20,20,20,20
41,Cameroon,38,NA,NA,NA,NA,NA,NA,NA,NA,38.5,38.5,38.5,38.5,38.5,38.5,38.5,38.5,38.5,38.5,38.5,38.5,38.5,38.5,38.5,NA,38.5,38.5,38.5,38.5,38.5,38.5,38.5,38.5,38.5,38.5,38.5,33,33,33,33
42,Canada,39,NA,50.92,49.53,48.27,47.63,49.43,49.76,48.58,41.29,41.34,41.45,41.81,42.52,44.3,44.3,44.6,44.6,44.6,44.6,44.6,42.43,40.48,38.02,35.87,34.38,34.18,33.93,33.95,31.4,30.9,29.4,27.7,26.1,26.2,26.2,26.7,26.7,26.7,26.8
43,Cape Verde,40,NA,NA,NA,NA,NA,NA,NA,NA,NA,NA,NA,NA,NA,NA,NA,NA,NA,NA,NA,NA,NA,NA,NA,NA,NA,NA,NA,NA,NA,NA,NA,25,25,25,25,25,25,25,25
44,Cayman Islands,41,0,0,0,0,0,0,0,0,0,0,0,0,0,0,0,0,0,0,0,0,0,0,0,0,0,0,0,0,0,0,0,0,0,0,0,0,0,0,0
45,Central African Republic,42,NA,NA,NA,NA,NA,NA,NA,NA,NA,NA,NA,NA,NA,NA,NA,NA,NA,NA,NA,NA,NA,NA,NA,NA,NA,NA,NA,NA,NA,NA,NA,NA,NA,NA,NA,30,NA,NA,NA
46,Chad,43,NA,NA,NA,NA,NA,NA,NA,NA,NA,NA,NA,NA,NA,NA,NA,NA,NA,NA,NA,NA,NA,NA,NA,NA,NA,NA,NA,NA,NA,NA,NA,40,40,40,40,40,35,35,35
47,Chile,44,48.6,48.6,48.6,48.6,37,23.5,37,37,32.5,32.5,32.5,35,35,35,35,35,15,15,15,15,15,15,16,16.5,17,17,17,17,17,17,17,20,20,20,21,22.5,24,25,25
48,China,45,55.2,55.2,55.2,40,40,40,40,40,40,40,40,40,30,30,33,33,33,33,33,33,33,33,33,33,33,33,33,33,25,25,25,25,25,25,25,25,25,25,25
49,Christmas Island,46,NA,NA,NA,NA,NA,NA,NA,NA,NA,NA,NA,NA,NA,NA,NA,NA,NA,NA,NA,NA,NA,NA,NA,NA,NA,NA,NA,NA,NA,NA,NA,NA,NA,NA,NA,NA,NA,NA,NA
50,Cocos (Keeling) Islands,47,NA,NA,NA,NA,NA,NA,NA,NA,NA,NA,NA,NA,NA,NA,NA,NA,NA,NA,NA,NA,NA,NA,NA,NA,NA,NA,NA,NA,NA,NA,NA,NA,NA,NA,NA,NA,NA,NA,NA
51,Colombia,48,40,40,40,40,40,40,33,32,31,30,30,30,30,30,30,30,35,35,35,35,35,35,35,35,35,35,35,34,33,33,33,33,33,25,25,25,25,34,33
52,Comoros,49,NA,NA,NA,NA,NA,NA,NA,NA,NA,NA,NA,NA,NA,NA,NA,NA,NA,NA,NA,NA,NA,NA,NA,NA,NA,NA,NA,NA,NA,NA,NA,NA,NA,NA,NA,35,NA,50,50
54,"Congo, Republic of",50,NA,NA,NA,NA,NA,NA,NA,NA,NA,49,49,49,49,49,49,49,49,45,45,45,45,45,40,NA,38,38,38,38,38,38,38,36,35,33,33,30,30,30,30
55,"Congo, The Democratic Republic of The",51,50,50,50,50,50,50,50,50,50,50,50,50,50,50,50,50,50,50,NA,NA,NA,NA,NA,NA,NA,NA,NA,NA,NA,NA,40,40,40,35,35,35,35,35,35
56,Cook Islands,52,NA,NA,NA,NA,NA,NA,NA,NA,NA,NA,NA,NA,NA,NA,NA,NA,NA,NA,NA,NA,NA,NA,NA,NA,NA,NA,NA,NA,NA,NA,NA,NA,NA,NA,NA,NA,20,20,20
57,Costa Rica,53,45,45,50,50,50,50,50,50,50,30,30,30,30,30,30,30,30,30,30,30,30,30,30,36,30,30,30,30,30,30,30,30,30,30,30,30,30,30,30
58,Cote D'Ivoire,54,40,40,40,40,40,40,40,40,40,40,40,40,35,35,35,35,35,35,35,35,35,35,35,NA,35,35,35,27,25,25,25,25,25,25,NA,25,25,25,25
59,Croatia,55,NA,NA,NA,NA,NA,NA,NA,NA,NA,NA,NA,NA,NA,NA,NA,NA,25,25,35,35,35,20,20,20.32,20.32,20.23,20,20,20,20,20,20,20,20,20,20,20,18,18
60,Cuba,56,NA,NA,NA,NA,NA,NA,NA,NA,NA,NA,NA,NA,NA,NA,NA,NA,NA,NA,NA,NA,NA,NA,NA,NA,NA,NA,NA,NA,NA,NA,NA,NA,NA,NA,NA,NA,NA,NA,NA
61,Curacao,57,NA,NA,NA,NA,NA,NA,NA,NA,NA,NA,NA,NA,NA,NA,NA,NA,NA,NA,NA,NA,NA,NA,NA,NA,NA,NA,NA,NA,NA,NA,NA,34.5,27.5,27.5,27.5,25,22,22,22
62,Cyprus,58,42.5,42.5,42.5,42.5,42.5,42.5,42.5,42.5,42.5,42.5,42.5,25,25,25,25,25,25,25,25,25,29,28,28,15,15,10,10,10,10,10,10,10,10,12.5,12.5,12.5,12.5,12.5,12.5
63,Czech Republic,59,NA,NA,NA,NA,NA,NA,NA,NA,NA,NA,NA,40,40,45,42,41,39,39,35,35,31,31,31,31,28,26,24,24,21,20,19,19,19,19,19,19,19,19,19
64,Denmark,60,40,40,40,40,40,50,50,50,50,50,40,38,34,34,34,34,34,34,34,32,32,30,30,30,30,28,28,25,25,25,25,25,25,25,24.5,23.5,22,22,22
65,Djibouti,61,NA,NA,NA,NA,NA,NA,NA,NA,NA,NA,NA,NA,NA,NA,NA,NA,NA,NA,NA,NA,NA,NA,NA,NA,NA,NA,NA,NA,NA,NA,NA,NA,NA,NA,NA,25,25,25,25
66,Dominica,62,NA,NA,NA,NA,NA,NA,NA,NA,NA,NA,NA,35,NA,NA,NA,NA,NA,NA,30,NA,NA,NA,NA,NA,NA,NA,NA,NA,NA,NA,NA,NA,30,30,30,28,25,25,25
67,Dominican Republic,63,38,38,38,38,46,46,46,46,46,46,46,46,30,27,26,25,25,25,25,25,25,25,25,25,25,25,30,25,25,25,25,29,29,29,28,27,27,27,27
68,Ecuador,64,20,20,20,20,20,20,20,20,20,20,25,25,25,25,25,25,25,32,36.25,15,25,36.25,36.25,36.25,36.25,25,25,25,25,25,25,24,23,22,22,22,22,22,25
69,Egypt,65,39.7,39.7,32,32,40,40,40,40,40,40,40,40,40,40,40,40,40,40,40,40,40,40,40,42,42,20,20,20,20,20,20,20,25,25,25,22.5,22.5,22.5,23
70,El Salvador,66,30,30,30,30,30,30,30,35,35,35,30,30,25,25,25,25,25,25,25,25,25,25,25,25,25,25,25,25,25,25,25,25,30,30,30,30,30,30,30
71,Equatorial Guinea,67,NA,NA,NA,NA,NA,NA,NA,NA,NA,NA,NA,NA,NA,NA,NA,NA,NA,NA,NA,NA,NA,NA,NA,NA,25,25,35,35,35,35,35,35,35,35,35,35,35,35,35
72,Eritrea,68,NA,NA,NA,NA,NA,NA,NA,NA,NA,NA,NA,NA,NA,NA,NA,NA,NA,NA,NA,NA,NA,NA,NA,NA,NA,NA,NA,NA,NA,NA,NA,NA,NA,NA,NA,30,NA,NA,NA
73,Estonia,69,NA,NA,NA,NA,NA,NA,NA,NA,NA,NA,NA,NA,NA,35,26,26,26,26,26,26,26,26,26,26,26,24,23,22,21,21,21,21,21,21,21,20,20,20,20
74,Ethiopia,70,NA,NA,NA,NA,NA,NA,NA,NA,NA,NA,NA,NA,NA,50,50,50,50,50,40,35,35,NA,NA,NA,30,30,30,30,30,30,30,30,30,30,30,30,30,30,30
75,Falkland Islands (Malvinas),71,NA,NA,NA,NA,NA,NA,NA,NA,NA,NA,NA,NA,NA,NA,NA,NA,NA,NA,NA,NA,NA,NA,NA,NA,NA,NA,NA,NA,26,26,26,26,26,26,26,26,26,26,26
76,Faroe Islands,72,NA,NA,NA,NA,NA,NA,NA,NA,NA,NA,NA,NA,NA,NA,NA,NA,NA,NA,NA,NA,NA,NA,NA,NA,NA,NA,NA,NA,NA,NA,NA,NA,NA,NA,NA,NA,NA,NA,NA
77,Fiji,73,37.5,37.5,37.5,37.5,37.5,37.5,37.5,37.5,37.5,37.5,37.5,37.5,37.5,35,35,35,35,35,35,35,35,34,32,32,31,31,31,31,31,29,28,28,28,20,20,20,20,20,20
78,Finland,74,NA,61.5,61.75,61.5,61.75,61.75,51.5,51.5,51.5,52.5,44.5,42,39,25,25,25,28,28,28,28,29,29,29,29,29,26,26,26,26,26,26,26,24.5,24.5,20,20,20,20,20
79,France,75,50,50,50,50,50,50,45,45,42,42,42,42,34,33.33,33.33,36.66,36.66,36.66,41.66,40,37.76,36.43,35.43,35.42979,35.42979,34.95,34.43,34.42989,34.42989,34.42989,34.42989,36.09639,36.09639,37.9962,37.9962,37.9962,34.43,34.43,34.43
80,French Guiana,76,NA,NA,NA,NA,NA,NA,NA,NA,NA,NA,NA,NA,NA,NA,NA,NA,NA,NA,NA,NA,NA,NA,NA,NA,NA,NA,NA,NA,NA,NA,NA,NA,NA,NA,NA,NA,NA,NA,NA
81,French Polynesia,77,NA,NA,NA,NA,NA,NA,NA,NA,NA,NA,NA,NA,NA,NA,NA,NA,NA,NA,45,NA,NA,NA,NA,NA,NA,NA,NA,NA,NA,NA,NA,NA,NA,NA,NA,NA,NA,NA,NA
82,French Southern Territories,78,NA,NA,NA,NA,NA,NA,NA,NA,NA,NA,NA,NA,NA,NA,NA,NA,NA,NA,NA,NA,NA,NA,NA,NA,NA,NA,NA,NA,NA,NA,NA,NA,NA,NA,NA,NA,NA,NA,NA
83,Gabon,79,NA,NA,NA,NA,NA,NA,NA,NA,50,50,50,40,40,40,40,40,40,40,40,40,35,35,35,NA,35,35,35,35,35,35,35,35,35,30,30,30,30,30,30
84,Gambia,80,NA,NA,NA,NA,NA,NA,NA,NA,NA,NA,NA,NA,NA,NA,NA,NA,NA,NA,NA,NA,35,35,35,NA,NA,NA,NA,NA,NA,NA,NA,NA,NA,NA,NA,31,31,30,31
85,Georgia,81,NA,NA,NA,NA,NA,NA,NA,NA,NA,NA,NA,NA,NA,NA,NA,NA,NA,NA,NA,NA,NA,NA,NA,NA,20,20,20,20,15,15,15,15,15,15,15,15,15,15,15
86,Germany,82,NA,60,60,60,60,60,60,60,60,60,54.54545455,56.25,58.15217391,56.52173913,52.17391304,55.10869565,55.87606838,56.79916318,56.0460251,52.03319502,52.03,38.9,38.9,40.215768,38.900415,38.900415,38.900415,38.900415,30.175,30.175,30.175,30.175,30.175,30.175,30.175,30.175,30.175,30.175,29.825
87,Ghana,83,60,NA,NA,NA,NA,NA,NA,NA,NA,NA,50,50,50,45,45,35,35,35,35,35,35,35,32.5,NA,32.5,30,25,25,25,25,25,25,25,25,25,25,25,25,25
88,Gibraltar,84,NA,NA,NA,NA,NA,NA,NA,NA,NA,NA,NA,35,35,35,35,35,35,35,35,NA,NA,NA,NA,35,35,35,35,35,33,27,22,10,10,10,10,10,10,10,10
89,Greece,85,NA,45,45,45,45,49,49,49,49,46,46,46,46 -- 35,35,35,35,35,35,40,40,40,37.5,35,35,35,32,29,25,25,25,24,20,20,26,26,26,29,29,29
90,Greenland,86,NA,NA,NA,NA,NA,NA,NA,NA,NA,NA,NA,NA,NA,NA,NA,NA,NA,NA,NA,NA,NA,NA,NA,NA,NA,NA,NA,NA,NA,NA,NA,NA,NA,NA,NA,NA,31.8,31.8,31.8
91,Grenada,87,NA,NA,NA,NA,NA,NA,NA,NA,NA,NA,NA,33,NA,NA,NA,NA,NA,NA,30,NA,NA,NA,NA,NA,NA,NA,NA,NA,NA,NA,NA,NA,NA,NA,NA,30,30,30,30
92,Guadeloupe,88,NA,NA,NA,NA,NA,NA,NA,NA,NA,NA,NA,NA,NA,NA,NA,NA,NA,NA,NA,NA,NA,NA,NA,NA,NA,NA,NA,NA,NA,NA,NA,NA,NA,NA,NA,NA,NA,NA,NA
93,Guam,89,NA,NA,NA,NA,NA,NA,NA,NA,NA,NA,NA,NA,NA,NA,NA,NA,NA,NA,NA,NA,NA,35,35,NA,35,35,35,35,35,35,35,35,35,35,35,35,35,35,21
94,Guatemala,90,48,48,48,48,42,42,42,42,34,34,34,34,34,25,25,30,30,30,25,27.5,25,31,31,31,31,31,31,31,31,31,31,31,31,31,28,25,25,25,25
95,Guernsey,91,20,20,20,20,20,20,20,20,20,20,20,20,20,20,20,20,20,20,20,NA,NA,20,20,0,0,0,0,0,0,0,0,0,0,0,0,0,0,0,0
96,Guinea,92,NA,NA,NA,NA,NA,NA,NA,NA,NA,NA,NA,NA,NA,NA,NA,35,35,35,35,35,35,35,35,NA,35,35,35,35,35,35,35,35,35,35,35,35,35,35,35
97,Guinea-Bissau,93,NA,NA,NA,NA,NA,NA,NA,NA,NA,NA,NA,NA,NA,NA,NA,NA,NA,NA,NA,NA,NA,NA,NA,NA,NA,NA,NA,NA,.,NA,NA,NA,NA,NA,NA,25,NA,NA,NA
98,Guyana,94,NA,NA,NA,NA,NA,NA,NA,NA,55,55,55,55,55,35,35,45,45,45,45,45,45,45,45,NA,35,35,NA,NA,NA,NA,35,30,30,30,30,30,30,27.5,27.5
99,Haiti,95,NA,NA,NA,NA,NA,NA,50,30,30,35,35,NA,NA,NA,NA,35,35,35,35,35,35,35,35,NA,NA,NA,NA,NA,NA,NA,NA,NA,NA,NA,NA,30,NA,NA,NA
100,Heard Island and Mcdonald Islands,96,NA,NA,NA,NA,NA,NA,NA,NA,NA,NA,NA,NA,NA,NA,NA,NA,NA,NA,NA,NA,NA,NA,NA,NA,NA,NA,NA,NA,NA,NA,NA,NA,NA,NA,NA,NA,NA,NA,NA
101,Holy See (Vatican City State),97,NA,NA,NA,NA,NA,NA,NA,NA,NA,NA,NA,NA,NA,NA,NA,NA,NA,NA,NA,NA,NA,NA,NA,NA,NA,NA,NA,NA,NA,NA,NA,NA,NA,NA,NA,NA,NA,NA,NA
102,Honduras,98,40,40,40,40,40,40,40,40,40,40,35,35,35,35,35,35,35,40.25,40.25,25,25,25,25,25,25,30,30,30,30,30,25,35,35,35,30,30,30,25,25
103,Hong Kong,99,17,17,16.5,16.5,16.5,18.5,18.5,18.5,18,17,16.5,16.5,16.5,17.5,17.5,16.5,16.5,16.5,16.5,16,16,16,16,16,17.5,17.5,17.5,17.5,16.5,16.5,16.5,16.5,16.5,16.5,16.5,16.5,16.5,16.5,16.5
105,Hungary,100,NA,NA,NA,NA,NA,NA,NA,NA,NA,50,40,40,40,40,36,18,18,18,18,18,18,18,18,18,16,16,17.33,20,20,20,19,19,19,19,19,19,19,9,9
106,Iceland,101,NA,NA,NA,NA,NA,NA,NA,NA,NA,NA,NA,NA,NA,33,33,33,33,33,33,30,30,30,18,18,18,18,18,18,15,15,18,20,20,20,20,20,20,20,20
107,India,102,60,59.1,56.4,56.4,55,55,50,50,50,50,50,40,45,45,45,40,40,35,35,35,38.5,39.55,35.7,36.75,35.875,36.5935,33.66,33.99,33.99,33.99,33.99,32.44,32.45,33.99,33.99,34.61,34.61,34.61,35
108,Indonesia,103,45,45,45,45,35,35,35,35,35,35,35,35,35,35,35,30,30,30,30,30,30,30,30,30,30,30,30,30,30,28,25,25,25,25,25,25,25,25,25
109,"Iran, Islamic Republic of",104,NA,55,55,55,55,55,55,55,55,55,75,75,75,54,54,54,54,54,54,54,54,54,54,NA,25,25,25,NA,NA,NA,NA,NA,NA,NA,NA,25,NA,25,25
110,Iraq,105,NA,NA,NA,NA,NA,NA,NA,NA,NA,NA,NA,NA,NA,NA,NA,NA,NA,NA,NA,NA,NA,NA,NA,NA,NA,NA,NA,NA,15,15,15,15,15,15,15,15,15,15,15
111,Ireland,106,45,45,50,50,50,50,50,50,47,43,43,40,40,40,40,38,36,36,32,28,24,20,16,12.5,12.5,12.5,12.5,12.5,12.5,12.5,12.5,12.5,12.5,12.5,12.5,12.5,12.5,12.5,12.5
112,Isle of Man,107,NA,NA,NA,NA,NA,NA,NA,NA,20,20,20,20,20,20,20,20,20,20,20,20,20,20,18,0,0,0,0,0,0,0,0,0,0,0,0,0,0,0,0
113,Israel,108,NA,NA,NA,NA,NA,NA,NA,NA,NA,NA,NA,NA,NA,NA,NA,37,36,36,36,36,36,36,36,36,35,34,31,29,27,26,25,24,25,25,26.5,26.5,25,24,23
114,Italy,109,NA,36.25,41.34,46.4,46.4,46.4,46.4,46.4,46.4,46.4,46.4,47.8,52.2,52.2,53.2,53.2,53.2,53.2,37,37,41.25,40.25,40.25,38.25,37.25,37.25,37.25,37.25,31.4,31.4,31.4,31.4,31.29275,31.29275,31.29275,31.29275,31.29275,27.8064,27.8064
116,Jamaica,110,45,45,45,45,45,45,45,33.3,33.3,33.3,33.3,33.3,33.3,33.3,33.3,33.3,33.3,33.3,33.3,33.3,33.33,33.33,33.33,33.33,33.33,33.33,33.33,33.33,33.33,33.33,33.33,33.33,33.33,25,25,25,25,25,25
117,Japan,111,NA,NA,NA,NA,NA,NA,NA,NA,NA,NA,49.98,49.98,49.98,49.98,49.98,49.98,49.98,49.98,46.36,48,40.87,40.87,40.87,40.87,39.54,39.54,39.54,39.54,39.54,39.54,39.54,39.54,39.54,36.99,36.99,32.11,29.97,29.97,29.74
118,Jersey,112,20,20,20,20,20,20,20,20,20,20,20,20,20,20,20,20,20,20,20,NA,NA,20,20,0,0,0,0,0,0,0,0,0,0,0,0,0,0,0,20
119,Jordan,113,NA,NA,40,NA,NA,NA,NA,NA,NA,NA,NA,NA,NA,NA,NA,55,55,35,35,35,35,35,35,25,25,25,25,25,25,25,14,14,14,14,14,20,20,20,20
120,Kazakhstan,114,NA,NA,NA,NA,NA,NA,NA,NA,NA,NA,30,30,30,25,30,30,30,30,30,30,30,30,30,30,30,30,30,30,30,20,20,20,20,20,20,20,20,20,20
121,Kenya,115,45,45,45,45,45,45,45,45,45,45,42.5,40,37.5,35,35,35,35,35,35,33,30,30,30,NA,30,30,30,30,30,30,30,30,30,30,30,30,30,30,30
122,Kiribati,116,NA,NA,NA,NA,NA,NA,NA,NA,NA,NA,NA,NA,NA,NA,NA,NA,NA,NA,NA,NA,NA,NA,NA,NA,NA,NA,NA,NA,NA,NA,NA,NA,NA,NA,NA,35,NA,35,35
123,"Korea, Democratic People's Republic of",117,NA,NA,NA,NA,NA,NA,NA,NA,NA,NA,NA,NA,NA,NA,NA,NA,NA,NA,NA,NA,NA,NA,NA,NA,NA,NA,NA,NA,NA,NA,NA,NA,NA,NA,NA,NA,NA,NA,NA
124,"Korea, Republic of",118,NA,NA,NA,NA,NA,NA,NA,NA,NA,NA,NA,NA,NA,NA,NA,NA,NA,30.8,30.8,30.8,30.8,30.8,29.7,29.7,29.7,27.5,27.5,27.5,27.5,24.2,24.2,24.2,24.2,24.2,24.2,24.2,24.2,24.2,27.5
125,"Kosovo, Republic of",NA,NA,NA,NA,NA,NA,NA,NA,NA,NA,NA,NA,NA,NA,NA,NA,NA,NA,NA,NA,NA,NA,NA,NA,NA,NA,NA,NA,NA,NA,NA,NA,NA,NA,NA,10,10,10,10,10
126,Kuwait,119,50,50,55,55,55,55,55,55,55,55,55,55,55,55,55,55,55,55,NA,NA,NA,55,55,55,55,55,55,55,55,15,15,15,15,15,15,15,15,15,15
127,Kyrgyzstan,120,NA,NA,NA,NA,NA,NA,NA,NA,NA,NA,NA,NA,NA,NA,NA,NA,NA,NA,30,30,30,30,30,NA,NA,NA,NA,NA,NA,NA,10,10,10,10,10,10,10,10,10
128,Lao People's Democratic Republic,121,NA,NA,NA,NA,NA,NA,NA,NA,NA,NA,NA,NA,NA,NA,NA,NA,NA,NA,NA,NA,NA,NA,NA,NA,NA,NA,NA,NA,NA,35,35,35,28,24,24,24,24,24,24
129,Latvia,122,NA,NA,NA,NA,NA,NA,NA,NA,NA,NA,NA,NA,NA,NA,NA,25,25,25,25,25,25,25,22,19,15,15,15,15,15,15,15,15,15,15,15,15,15,15,20
130,Lebanon,123,44,22,22,22,22,22,NA,NA,NA,NA,NA,26,NA,NA,NA,NA,10,10,10,10,10,15,15,NA,15,15,15,15,15,15,15,15,15,15,15,15,15,15,15
131,Lesotho,124,37.5,NA,NA,NA,NA,NA,NA,NA,NA,NA,NA,NA,NA,NA,NA,NA,40,40,35,35,35,35,35,NA,35,35,35,25,25,25,25,25,25,25,25,25,25,25,25
132,Liberia,125,NA,NA,50,50,50,50,50,50,50,50,50,50,NA,NA,NA,NA,NA,NA,NA,NA,NA,NA,NA,NA,NA,NA,NA,NA,NA,NA,NA,25,25,25,25,25,25,25,25
134,Libyan Arab Jamahiriya,126,NA,NA,NA,NA,NA,NA,NA,NA,NA,NA,NA,60,NA,NA,NA,NA,60,60,60,60,35,35,35,30.38,30.38,30.38,30.38,40,40,40,40,20,20,20,20,20,20,20,20
135,Liechtenstein,127,NA,NA,NA,NA,15,15,15,15,15,15,15,15,15,15,15,15,15,15,15,15,15,15,15,NA,20,20,NA,20,20,20,15,12.5,12.5,12.5,12.5,12.5,12.5,12.5,12.5
136,Lithuania,128,NA,NA,NA,NA,NA,NA,NA,NA,NA,NA,NA,NA,NA,29,29,29,29,29,29,29,29,24,24,15,15,15,15,15,15,20,15,15,15,15,15,15,15,15,15
137,Luxembourg,129,NA,NA,NA,NA,NA,NA,NA,NA,NA,NA,NA,NA,NA,39.39,39.39,40.29,40.29,30.34,37.45,37.45,37.45,37.45,30.38,30.38,30.38,30.38,29.63,29.63,29.63,28.59,28.59,28.8,28.8,29.22,29.22,29.22,29.22,27.08,26.01
138,Macao,130,NA,NA,NA,NA,15,15,15,15,15,15,15,15,15,15,15,15,15,15,15,15,15,15,15,15,12,12,12,12,12,12,12,12,12,12,12,12,12,12,12
141,"Macedonia, The Former Yugoslav Republic of",131,NA,NA,NA,NA,NA,NA,NA,NA,NA,NA,NA,NA,NA,NA,NA,NA,NA,NA,18,NA,NA,15,15,15,15,15,15,12,10,10,10,10,10,10,10,10,10,10,10
142,Madagascar,132,NA,NA,NA,NA,NA,NA,NA,NA,NA,NA,NA,NA,NA,NA,NA,NA,NA,NA,NA,NA,NA,NA,NA,NA,NA,NA,NA,30,25,24,24,23,21,20,20,20,20,20,20
143,Malawi,133,45,45,45,50,50,50,50,50,50,50,50,45,40,35,35,35,38,38,38,38,38,38,35,NA,NA,30,30,30,30,30,30,30,30,30,30,30,30,30,30
144,Malaysia,134,40,40,40,40,40,40,40,40,40,35,35,35,35,34,32,30,30,30,28,28,28,28,28,28,28,28,28,27,26,25,25,25,25,25,25,25,24,24,24
145,Maldives,135,NA,NA,NA,NA,NA,NA,NA,NA,NA,NA,NA,NA,NA,NA,NA,NA,NA,NA,NA,NA,NA,NA,NA,NA,0,0,0,0,0,0,0,0,0,0,15,15,15,15,15
146,Mali,136,NA,NA,NA,NA,NA,NA,NA,NA,NA,NA,NA,NA,NA,NA,NA,NA,NA,NA,NA,NA,NA,NA,NA,NA,NA,NA,NA,NA,NA,NA,NA,NA,NA,NA,NA,30,NA,NA,NA
147,Malta,137,32.5,32.5,32.5,32.5,32.5,32.5,32.5,32.5,32.5,32.5,35,35,35,35,35,35,35,35,35,35,35,35,35,35,35,35,35,35,35,35,35,35,35,35,35,35,35,35,35
148,Marshall Islands,138,NA,NA,NA,NA,NA,NA,NA,NA,NA,NA,NA,NA,NA,NA,NA,NA,NA,NA,NA,NA,NA,NA,NA,NA,NA,NA,NA,NA,NA,NA,NA,NA,NA,NA,NA,NA,NA,NA,NA
149,Martinique,139,NA,NA,NA,NA,NA,NA,NA,NA,NA,NA,NA,NA,NA,NA,NA,NA,NA,NA,NA,NA,NA,NA,NA,NA,NA,NA,NA,NA,NA,NA,NA,NA,NA,NA,NA,NA,NA,NA,NA
150,Mauritania,140,NA,NA,NA,NA,NA,NA,NA,NA,NA,NA,NA,NA,NA,NA,NA,NA,NA,NA,NA,NA,NA,NA,NA,NA,20,20,25,25,25,25,25,25,25,25,25,25,25,25,25
151,Mauritius,141,50,NA,NA,NA,NA,NA,NA,NA,35,35,35,35,35,35,35,35,35,35,35,35,35,25,25,25,25,25,25,22.5,15,15,15,15,15,15,15,15,15,15,15
152,Mayotte,142,NA,NA,NA,NA,NA,NA,NA,NA,NA,NA,NA,NA,NA,NA,NA,NA,NA,NA,NA,NA,NA,NA,NA,NA,NA,NA,NA,NA,NA,NA,NA,NA,NA,NA,NA,NA,NA,NA,NA
153,Mexico,143,42,42,42,42,42,42,42,40.6,39.2,37,36,35,35,34.8,34,34,34,34,34,35,35,35,35,34,33,30,29,28,28,28,30,30,30,30,30,30,30,30,30
154,"Micronesia, Federated States of",144,NA,NA,NA,NA,NA,NA,NA,NA,NA,NA,NA,NA,NA,NA,NA,NA,NA,NA,NA,NA,NA,NA,NA,NA,NA,NA,NA,NA,NA,NA,NA,NA,NA,NA,NA,NA,NA,NA,NA
156,"Moldova, Republic of",145,NA,NA,NA,NA,NA,NA,NA,NA,NA,NA,NA,NA,NA,NA,NA,NA,NA,NA,NA,NA,NA,NA,NA,NA,20,18,15,15,0,0,0,0,0,12,12,18,12,12,12
157,Monaco,146,NA,NA,NA,NA,NA,NA,NA,NA,NA,NA,NA,NA,NA,NA,NA,NA,NA,NA,33.3,33.3,33.3,33.3,33.3,NA,33.33,33.33,33.33,33.33,NA,NA,NA,NA,NA,NA,NA,NA,33.33,33.33,33
158,Mongolia,147,NA,NA,NA,NA,NA,NA,NA,NA,NA,NA,NA,NA,NA,NA,NA,NA,NA,NA,NA,NA,NA,NA,NA,NA,NA,NA,NA,NA,NA,NA,25,25,25,25,25,25,25,25,25
159,Montenegro,148,NA,NA,NA,NA,NA,NA,NA,NA,NA,NA,NA,NA,NA,NA,NA,NA,NA,NA,NA,NA,NA,NA,NA,NA,NA,9,9,9,9,9,9,9,9,9,9,9,9,9,9
160,Montserrat,149,NA,NA,NA,NA,NA,NA,NA,NA,NA,NA,NA,NA,NA,NA,NA,NA,NA,NA,NA,NA,NA,NA,NA,NA,NA,NA,NA,NA,NA,NA,NA,NA,NA,NA,NA,NA,NA,NA,NA
161,Morocco,150,48,48,48,48,48,48,48,48,40,40,40,40,40,38,36,36,35,35,35,35,35,35,35,NA,35,35,35,35,30,30,30,30,30,30,30,30,31,31,31
162,Mozambique,151,NA,NA,NA,NA,NA,NA,NA,NA,NA,NA,NA,NA,NA,NA,NA,45,45,45,45,35,35,35,35,32,32,32,32,32,32,32,32,32,32,32,32,32,32,32,32
163,Myanmar,152,NA,50,NA,NA,NA,NA,NA,NA,NA,NA,NA,NA,NA,NA,NA,NA,NA,NA,30,30,30,30,30,NA,30,30,NA,NA,NA,NA,NA,NA,NA,25,25,25,25,25,25
164,Namibia,153,NA,NA,NA,NA,NA,NA,NA,NA,NA,NA,NA,40,40,40,38,35,35,35,35,35,35,35,35,NA,35,35,35,35,35,35,35,34,34,33,33,33,32,32,32
165,Nauru,154,NA,NA,NA,NA,NA,NA,NA,NA,NA,NA,NA,NA,NA,NA,NA,NA,NA,NA,NA,NA,NA,NA,NA,NA,NA,NA,NA,NA,NA,NA,NA,NA,NA,NA,NA,NA,0,0,10
166,Nepal,155,NA,NA,NA,NA,NA,NA,NA,NA,NA,NA,NA,NA,NA,NA,NA,NA,NA,NA,NA,NA,NA,NA,NA,NA,25,25,25,NA,NA,NA,25,25,25,25,25,25,25,25,30
167,Netherlands,156,48,48,48,48,43,43,42,42,42,35,35,35,35,35,35,35,35,35,35,35,35,35,34.5,34.5,34.5,31.5,29.6,25.5,25.5,25.5,25.5,25,25,25,25,25,25,25,25
168,Netherlands Antilles,157,34,34,34,34,34,34,34,34,34,34,34,34,39,39,39,39,39,39,39,NA,NA,35,35,NA,34.5,34.5,34.5,34.5,34.5,34.5,NA,NA,NA,NA,NA,NA,NA,NA,NA
169,New Caledonia,158,NA,NA,NA,NA,NA,NA,NA,NA,NA,NA,NA,NA,NA,30,30,30,30,30,30,NA,NA,NA,NA,NA,NA,NA,NA,NA,NA,NA,NA,NA,NA,NA,NA,NA,NA,30,30
170,New Zealand,159,45,45,45,45,45,45,48,48,28,33,33,33,33,33,33,33,33,33,33,33,33,33,33,33,33,33,33,33,30,30,30,28,28,28,28,28,28,28,28
171,Nicaragua,160,50,50,40,40,40,40,40,NA,NA,NA,NA,NA,35.5,30,30,30,30,30,30,30,NA,25,25,NA,30,30,30,30,30,30,30,30,30,30,30,30,30,30,30
172,Niger,161,NA,NA,NA,NA,NA,NA,NA,NA,NA,NA,NA,NA,NA,NA,NA,NA,NA,NA,NA,NA,NA,NA,NA,NA,NA,NA,NA,NA,NA,NA,NA,NA,NA,NA,NA,30,NA,NA,NA
173,Nigeria,162,45,45,45,45,45,45,45,40,40,40,40,40,35,35,35,35,30,30,30,30,30,30,30,30,30,30,30,30,30,30,30,30,30,30,30,30,30,30,30
174,Niue,163,NA,NA,NA,NA,NA,NA,NA,NA,NA,NA,NA,NA,NA,NA,NA,NA,NA,NA,NA,NA,NA,NA,NA,NA,NA,NA,NA,NA,NA,NA,NA,NA,NA,NA,NA,NA,NA,NA,NA
175,Norfolk Island,164,NA,NA,NA,NA,NA,NA,NA,NA,NA,NA,NA,NA,NA,NA,NA,NA,NA,NA,NA,NA,NA,NA,NA,NA,NA,NA,NA,NA,NA,NA,NA,NA,NA,NA,NA,NA,NA,NA,NA
176,Northern Mariana Islands,165,NA,NA,NA,NA,NA,NA,NA,NA,NA,NA,NA,NA,NA,NA,NA,NA,NA,NA,NA,NA,NA,NA,NA,NA,35,35,35,35,35,35,35,35,35,35,35,35,35,35,21
177,Norway,166,NA,50.8,50.8,50.8,50.8,50.8,50.8,50.8,50.8,50.8,50.8,50.8,28,28,28,28,28,28,28,28,28,28,28,28,28,28,28,28,28,28,28,28,28,28,27,27,25,24,23
178,Oman,167,50,50,50,50,50,50,50,50,50,50,50,50,50,50,50,50,50,50,30,30,30,12,12,12,12,12,12,12,12,12,12,12,12,12,12,12,12,12,15
179,Pakistan,168,55,55,55,55,55,55,55,55,55,60,45,50,55,52,49,46,46,46,40,45.15,45.15,45.15,45,35,35,35,35,35,35,35,35,35,35,35,34,33,32,31,30
180,Palau,169,NA,NA,NA,NA,NA,NA,NA,NA,NA,NA,NA,NA,NA,NA,NA,NA,NA,NA,NA,NA,NA,NA,NA,NA,NA,NA,NA,NA,NA,NA,NA,NA,NA,NA,NA,NA,0,0,0
182,"Palestinian Territory, Occupied",170,NA,NA,NA,NA,NA,NA,NA,NA,NA,NA,NA,NA,NA,NA,NA,NA,NA,NA,NA,NA,NA,NA,NA,NA,20,20,15,15,15,15,15,15,15,15,15,15,15,15,15
183,Panama,171,50,50,50,50,50,50,50,50,50,50,50,47.5,45,42,34,34,34,30,30,30,37,37,37,30,30,30,30,30,30,30,27.5,25,25,25,25,25,25,25,25
184,Papua New Guinea,172,36.5,36.5,36.5,36.5,35,35,35,35,35,30,30,30,30,25,25,25,25,25,25,25,25,25,25,30,30,30,30,30,30,30,30,30,30,30,30,30,30,30,30
185,Paraguay,173,30,30,30,30,30,30,30,30,30,30,30,30,30,30,30,30,30,30,30,30,30,30,30,30,30,20,10,10,10,10,10,10,10,10,10,10,10,10,10
186,Peru,174,55,55,55,55,55,55,40,35,35,35,35,30,30,30,30,30,30,30,30,30,30,30,30,27,30,30,30,30,30,30,30,30,30,30,30,30,28,29.5,29.5
187,Philippines,175,35,35,35,35,35,35,35,35,35,35,35,35,35,35,35,35,35,35,34,33,32,32,32,32,32,32,35,35,35,30,30,30,30,30,30,30,30,30,30
188,Pitcairn,176,NA,NA,NA,NA,NA,NA,NA,NA,NA,NA,NA,NA,NA,NA,NA,NA,NA,NA,NA,NA,NA,NA,NA,NA,NA,NA,NA,NA,NA,NA,NA,NA,NA,NA,NA,NA,NA,NA,NA
189,Poland,177,NA,NA,NA,NA,NA,NA,NA,NA,NA,NA,NA,40,40,40,40,40,40,38,36,34,30,28,28,27,19,19,19,19,19,19,19,19,19,19,19,19,19,19,19
190,Portugal,178,NA,48.96,50.72,55.12,55.12,55.12,50.28,48.08,48.08,40.15,40.15,39.6,39.6,39.6,39.6,39.6,39.6,37.4,37.4,37.4,35.2,35.2,33,33,27.5,27.5,27.5,26.5,26.5,26.5,26.5,28.5,31.5,31.5,31.5,29.5,29.5,29.5,31.5
191,Puerto Rico,179,22,22,20,22,22,22,22,22,22,22,22,22,22,22,22,19,20,20,20,20,NA,39,39,NA,39,39,39,39,39,39,39,39,30,30,39,39,39,39,39
192,Qatar,180,NA,NA,50,50,50,50,50,50,50,50,50,50,50,50,35,35,35,35,35,35,35,35,35,35,35,35,35,35,35,35,10,10,10,10,10,10,10,10,10
193,Reunion,181,NA,NA,NA,NA,NA,NA,NA,NA,NA,NA,NA,NA,NA,NA,NA,NA,NA,NA,NA,NA,NA,NA,NA,NA,NA,NA,NA,NA,NA,NA,NA,NA,NA,NA,NA,NA,NA,NA,33.33
194,Romania,182,NA,NA,NA,NA,NA,NA,NA,NA,NA,NA,NA,NA,NA,45,45,38,38,38,38,38,38,25,25,25,25,16,16,16,16,16,16,16,16,16,16,16,16,16,16
196,Russian Federation,183,NA,NA,NA,NA,NA,NA,NA,NA,NA,NA,35,30,32,32,35,35,35,35,35,35,35,35,24,24,24,24,24,24,24,20,20,20,20,20,20,20,20,20,20
197,Rwanda,184,NA,NA,NA,NA,NA,NA,NA,NA,NA,NA,NA,NA,NA,NA,NA,NA,NA,NA,NA,NA,NA,NA,NA,NA,35,35,35,30,30,30,30,30,30,30,30,30,30,30,30
198,Saint Helena,185,NA,NA,NA,NA,NA,NA,NA,NA,NA,NA,NA,NA,NA,NA,NA,NA,NA,NA,NA,NA,NA,NA,NA,NA,NA,NA,NA,NA,NA,NA,NA,NA,NA,NA,NA,NA,NA,NA,NA
199,Saint Kitts and Nevis,186,NA,NA,NA,NA,NA,NA,NA,NA,NA,NA,NA,NA,NA,NA,NA,NA,NA,NA,NA,NA,NA,NA,NA,NA,NA,NA,NA,NA,NA,NA,35,35,35,33,33,33,33,33,33
200,Saint Lucia,187,NA,NA,NA,NA,NA,NA,NA,NA,NA,NA,33.3,33.3,33.3,33.3,33.3,33.3,33.3,33.3,33.3,NA,NA,NA,NA,NA,NA,NA,NA,NA,NA,NA,30,30,30,30,30,33.33,33.33,30,30
201,Saint Maarten,188,NA,NA,NA,NA,NA,NA,NA,NA,NA,NA,NA,NA,NA,NA,NA,NA,NA,NA,NA,NA,NA,NA,NA,NA,NA,NA,NA,NA,NA,NA,NA,NA,NA,NA,NA,24.5,34.5,34.5,35
202,Saint Pierre and Miquelon,189,NA,NA,NA,NA,NA,NA,NA,NA,NA,NA,NA,NA,NA,NA,NA,NA,NA,NA,NA,NA,NA,NA,NA,NA,NA,NA,NA,NA,NA,NA,NA,NA,NA,NA,NA,NA,NA,NA,NA
204,Saint Vincent and The Grenadines,190,NA,NA,NA,NA,NA,NA,NA,NA,NA,NA,NA,45,30,NA,NA,NA,NA,NA,40,NA,NA,NA,NA,NA,NA,NA,NA,NA,NA,NA,NA,NA,NA,NA,NA,32.5,32.5,32.5,33
206,Samoa*,191,42,42,42,42,42,42,42,39,39,39,39,39,39,39,39,39,39,39,39,39,39,35,NA,29,29,29,29,27,27,27,27,27,27,27,27,27,27,27,27
207,San Marino,192,NA,NA,NA,NA,NA,NA,NA,NA,NA,NA,NA,NA,NA,NA,NA,NA,NA,NA,NA,NA,NA,NA,NA,NA,NA,NA,NA,NA,NA,NA,NA,NA,NA,NA,NA,NA,NA,NA,NA
208,Sao Tome and Principe,193,NA,NA,NA,NA,NA,NA,NA,NA,NA,NA,NA,NA,NA,NA,NA,NA,NA,NA,NA,NA,NA,NA,NA,NA,NA,NA,NA,NA,NA,NA,NA,NA,NA,NA,NA,25,NA,25,25
209,Saudi Arabia,194,45,45,45,45,45,45,45,45,45,45,45,45,45,45,45,45,45,45,45,45,45,30,30,30,30,30,20,20,20,20,20,20,20,20,20,20,20,20,20
210,Senegal,195,NA,NA,33.3,33.3,33.3,33.3,33.3,33.3,33.3,33.3,35,35,35,35,35,35,35,35,35,35,35,35,35,NA,35,33,33,25,25,25,25,25,25,30,30,30,30,30,30
211,Serbia,196,NA,NA,NA,NA,NA,NA,NA,NA,NA,NA,NA,NA,NA,NA,NA,NA,NA,NA,NA,NA,NA,NA,NA,14,12.33,10,10,10,10,10,10,10,10,15,15,15,15,15,15
212,Seychelles,197,35,NA,NA,NA,NA,NA,NA,NA,NA,NA,NA,NA,NA,NA,NA,NA,NA,NA,NA,NA,NA,40,40,NA,40,40,40,40,40,40,33,33,33,33,33,33,33,33,30
213,Sierra Leone,198,NA,45,NA,NA,NA,NA,NA,NA,NA,NA,NA,NA,NA,NA,NA,47.2,47.2,47.2,47.2,47.2,45,45,45,NA,NA,NA,NA,NA,NA,NA,NA,NA,NA,NA,30,30,30,30,30
214,Singapore,199,40,40,40,40,40,40,40,33,33,33,32,31,31,30,27,27,26,26,26,26,26,25.5,24.5,22,22,20,20,20,18,18,17,17,17,17,17,17,17,17,17
215,Sint Maarten (Dutch part),NA,NA,NA,NA,NA,NA,NA,NA,NA,NA,NA,NA,NA,NA,NA,NA,NA,NA,NA,NA,NA,NA,NA,NA,NA,NA,NA,NA,NA,NA,NA,NA,34.5,34.5,34.5,34.5,34.5,34.5,34.5,35
216,Slovakia,200,NA,NA,NA,NA,NA,NA,NA,NA,NA,NA,NA,NA,NA,45,40,40,40,40,40,40,29,29,25,25,19,19,19,19,19,19,19,19,19,23,22,22,22,21,21
217,Slovenia,201,NA,NA,NA,NA,NA,NA,NA,NA,NA,NA,NA,NA,NA,NA,NA,NA,30,25,25,25,25,25,25,25,25,25,25,23,22,21,20,20,18,17,17,17,17,19,19
218,Solomon Islands,202,35,35,35,35,35,35,35,35,35,35,35,35,35,35,35,35,35,35,35,NA,NA,35,35,NA,NA,NA,NA,NA,NA,NA,30,30,30,30,30,30,30,30,30
219,Somalia,203,NA,NA,NA,NA,NA,NA,NA,NA,NA,NA,NA,NA,NA,NA,NA,NA,NA,NA,NA,NA,NA,NA,NA,NA,NA,NA,NA,NA,NA,NA,NA,NA,NA,NA,NA,NA,NA,NA,NA
220,South Africa,204,42,40,40,42,42,50,50,50,50,50,50,50,48,NA,NA,NA,NA,NA,NA,NA,37.8,37.8,37.8,37.8,37.8,37.8,36.89,36.89,34.55,34.55,34.55,34.55,34.55,28,28,28,28,28,28
221,South Georgia and The South Sandwich Islands,205,NA,NA,NA,NA,NA,NA,NA,NA,NA,NA,NA,NA,NA,NA,NA,NA,NA,NA,NA,NA,NA,NA,NA,NA,NA,NA,NA,NA,NA,NA,NA,NA,NA,NA,NA,NA,NA,NA,NA
222,South Sudan,NA,NA,NA,NA,NA,NA,NA,NA,NA,NA,NA,NA,NA,NA,NA,NA,NA,NA,NA,NA,NA,NA,NA,NA,NA,NA,NA,NA,NA,NA,NA,NA,NA,NA,NA,20,20,NA,25,25
223,Spain,206,33,33,33,33,35,35,35,35,35,35,35,35,35,35,35,35,35,35,35,35,35,35,35,35,35,35,35,32.5,30,30,30,30,30,30,30,28,25,25,25
224,Sri Lanka,207,50,50,NA,NA,NA,NA,NA,NA,NA,NA,NA,50,NA,NA,NA,45,35,35,35,35,35,35,42,35,35,32.5,32.5,35,35,35,35,28,28,28,28,28,28,28,28
226,Sudan,208,NA,NA,NA,NA,NA,NA,NA,NA,NA,NA,NA,45,NA,NA,NA,60,60,60,60,60,40,40,40,35,35,35,35,30,15,15,15,35,35,35,35,35,35,35,35
227,Suriname,209,NA,NA,NA,NA,NA,NA,NA,NA,NA,NA,NA,NA,NA,NA,NA,45,45,38,38,38,38,38,36,NA,36,36,NA,NA,NA,NA,NA,NA,NA,36,34.5,34.5,36,36,36
228,Svalbard and Jan Mayen,210,NA,NA,NA,NA,NA,NA,NA,NA,NA,NA,NA,NA,NA,NA,NA,NA,NA,NA,NA,NA,NA,NA,NA,NA,NA,NA,NA,NA,NA,NA,NA,NA,NA,NA,NA,NA,NA,NA,NA
229,Swaziland,211,37.5,NA,NA,NA,NA,NA,NA,NA,NA,NA,NA,37.5,37.5,37.5,37.5,37.5,37.5,37.5,37.5,37.5,37.5,37.5,30,NA,30,30,30,NA,NA,NA,30,30,30,30,27.5,27.5,27.5,27.5,28
230,Sweden,212,NA,57.8,57.8,58.1,56.6,56.6,56.6,56.6,56.6,60.1,53,30,30,30,28,28,28,28,28,28,28,28,28,28,28,28,28,28,28,26.3,26.3,26.3,26.3,22,22,22,22,22,22
231,Switzerland,213,NA,33.04826958,33.04826958,33.04826958,32.86612022,31.86612022,31.68397086,31.68761384,30.59471767,30.59653916,30.59653916,27.72101468,28.03435928,28.4667857,28.4667857,28.46924177,28.46924177,28.46924177,27.79845951,25.09419405,24.93,24.7,24.42,24.099824,24.099824,21.33,21.33,21.323279,21.174438,21.174438,21.174438,21.174438,21.174438,21.148581,21.148581,21.148581,21.148581,21.148581,21.148581
233,Syrian Arab Republic,214,NA,NA,NA,NA,NA,NA,NA,NA,NA,NA,NA,NA,NA,NA,45,NA,50,50,50,50,NA,NA,NA,35,35,35,35,28,28,28,28,28,28,28,28,28,28,28,28
235,"Taiwan, Province of China",215,35,35,35,35,35,30,25,25,25,25,25,25,25,25,25,25,25,25,25,25,25,25,25,25,25,25,25,25,25,25,17,17,17,17,17,17,17,17,20
236,Tajikistan,216,NA,NA,NA,NA,NA,NA,NA,NA,NA,NA,NA,NA,NA,NA,NA,NA,NA,NA,NA,NA,NA,NA,NA,NA,NA,NA,NA,NA,NA,NA,25,25,25,25,25,25,24,23,23
238,"Tanzania, United Republic of",217,50,50,50,50,50,50,50,50,50,50,50,50,45,35,35,35,35,35,30,30,30,30,30,NA,30,30,30,30,30,30,30,30,30,30,30,30,30,30,30
239,Thailand,218,35,35,30,30,30,30,30,30,30,30,30,30,30,30,30,30,30,30,30,30,30,30,30,30,30,30,30,30,30,30,30,30,23,20,20,20,20,20,20
240,Timor-Leste,219,NA,NA,NA,NA,NA,NA,NA,NA,NA,NA,NA,NA,NA,NA,NA,NA,NA,NA,NA,NA,NA,NA,NA,NA,NA,NA,NA,NA,NA,NA,NA,NA,10,10,10,10,10,10,10
241,Togo,220,NA,NA,NA,NA,NA,NA,NA,NA,NA,NA,NA,NA,NA,NA,NA,NA,NA,NA,NA,NA,NA,NA,NA,NA,NA,NA,NA,NA,NA,NA,NA,NA,NA,NA,NA,29,NA,29,28
242,Tokelau,221,NA,NA,NA,NA,NA,NA,NA,NA,NA,NA,NA,NA,NA,NA,NA,NA,NA,NA,NA,NA,NA,NA,NA,NA,NA,NA,NA,NA,NA,NA,NA,NA,NA,NA,NA,NA,NA,NA,NA
243,Tonga,222,NA,NA,NA,NA,NA,NA,NA,NA,NA,NA,NA,NA,NA,NA,NA,NA,NA,NA,NA,NA,NA,NA,NA,NA,NA,NA,NA,NA,NA,NA,NA,NA,NA,NA,NA,25,NA,25,25
244,Trinidad and Tobago,223,45,45,45,45,45,45,45,45,40,45,40,40,40,45,45,38,35,35,35,35,35,35,35,NA,30,30,30,25,25,25,25,25,25,25,25,25,25,25,25
245,Tunisia,224,NA,NA,NA,NA,NA,NA,NA,NA,NA,NA,NA,NA,NA,NA,NA,35,35,35,35,35,35,35,35,35,35,35,35,30,30,30,30,30,30,30,25,25,25,25,25
246,Turkey,225,NA,NA,NA,NA,NA,NA,NA,NA,NA,NA,NA,NA,NA,49.22,42.8,44,44,44,44,33,33,33,33,30,33,30,20,20,20,20,20,20,20,20,20,20,20,20,22
247,Turkmenistan,226,NA,NA,NA,NA,NA,NA,NA,NA,NA,NA,NA,NA,NA,NA,NA,NA,NA,NA,NA,NA,NA,30,30,30,30,25,NA,NA,NA,NA,8,8,8,8,8,8,8,8,20
248,Turks and Caicos Islands,227,NA,NA,NA,NA,NA,NA,NA,NA,NA,NA,NA,NA,NA,NA,NA,NA,NA,NA,NA,NA,NA,NA,NA,NA,NA,NA,NA,NA,NA,NA,NA,NA,NA,NA,NA,NA,0,0,0
249,Tuvalu,228,NA,NA,NA,NA,NA,NA,NA,NA,NA,NA,NA,NA,NA,NA,NA,NA,NA,NA,NA,NA,NA,NA,NA,NA,NA,NA,NA,NA,NA,NA,NA,NA,NA,NA,NA,NA,NA,NA,NA
250,Uganda,229,NA,NA,NA,NA,NA,NA,NA,NA,NA,NA,NA,40,40,35,30,30,30,30,30,30,30,30,30,30,30,30,30,30,30,30,30,30,30,30,30,30,30,30,30
251,Ukraine,230,NA,NA,NA,NA,NA,NA,NA,NA,NA,NA,NA,NA,NA,NA,NA,22,30,30,30,30,30,30,30,30,25,25,25,25,25,25,25,25,21,19,18,18,18,18,18
252,United Arab Emirates,231,20,20,20,20,20,20,20,20,20,20,20,20,20,20,20,NA,NA,NA,NA,NA,NA,NA,NA,55,55,55,55,55,55,55,55,55,55,55,55,55,55,55,55
253,United Kingdom,232,52,52,52,50,45,40,35,35,35,35,34,33,33,33,33,33,33,31,31,30,30,30,30,30,30,30,30,30,28,28,28,26,24,23,21,20,20,19,19
254,United States,233,49.699,49.699,49.699,49.834,49.7854,49.7854,49.8232,44.176,38.5936,38.6662,38.653,38.851,38.8642,39.7515,39.6865,39.6085,39.5305,39.4525,39.4395,39.394,39.34,39.27,39.3,39.3225,39.316,39.29,39.303,39.2705,39.251,39.16,39.2055,39.1925,39.134,39.0495,39.0755,38.9975,38.923934,38.906474,25.83858
255,United States Minor Outlying Islands,234,NA,NA,NA,NA,NA,NA,NA,NA,NA,NA,NA,NA,NA,NA,NA,NA,NA,NA,NA,NA,NA,NA,NA,NA,NA,NA,NA,NA,NA,NA,NA,NA,NA,NA,NA,NA,NA,NA,NA
256,Uruguay,235,25,25,25,25,30,30,30,30,30,30,30,30,30,30,30,30,30,30,30,30,30,30,30,35,30,30,30,30,25,25,25,25,25,25,25,25,25,25,25
257,Uzbekistan,236,NA,NA,NA,NA,NA,NA,NA,NA,NA,NA,NA,NA,NA,NA,NA,NA,NA,NA,35,33,33,33,33,NA,20,18,15,10,10,10,9,9,9,9,8,8,7.5,7.5,7.5
258,Vanuatu,237,0,0,0,0,0,0,0,0,0,0,0,0,0,0,0,0,0,0,0,0,0,0,NA,NA,NA,NA,NA,NA,NA,NA,NA,NA,NA,NA,0,0,0,0,0
259,Venezuela,238,50,50,50,50,50,50,50,50,50,50,50,50,30,30,30,34,34,34,34,34,34,34,34,34,34,34,34,34,34,34,34,34,34,34,34,34,34,34,34
260,Viet Nam,239,NA,NA,NA,NA,NA,NA,NA,NA,NA,NA,NA,NA,NA,25,25,25,25,25,25,32,32,32,32,32,28,28,28,28,28,25,25,25,25,25,22,22,22,20,20
262,"Virgin Islands, British",240,NA,NA,NA,NA,15,15,15,15,15,15,15,15,15,15,15,15,15,15,15,15,15,15,15,NA,15,15,0,0,0,0,0,0,0,0,0,0,0,0,0
263,"Virgin Islands, U.S.",241,NA,NA,NA,NA,NA,NA,NA,NA,NA,NA,NA,NA,NA,NA,NA,NA,NA,NA,NA,NA,38.5,38.5,38.5,NA,38.5,38.5,38.5,38.5,38.5,38.5,38.5,38.5,38.5,38.5,35,35,35,35,21
264,Wallis and Futuna,242,NA,NA,NA,NA,NA,NA,NA,NA,NA,NA,NA,NA,NA,NA,NA,NA,NA,NA,NA,NA,NA,NA,NA,NA,NA,NA,NA,NA,NA,NA,NA,NA,NA,NA,0,0,0,NA,NA
265,Western Sahara,243,NA,NA,NA,NA,NA,NA,NA,NA,NA,NA,NA,NA,NA,NA,NA,NA,NA,NA,NA,NA,NA,NA,NA,NA,NA,NA,NA,NA,NA,NA,NA,NA,NA,NA,NA,NA,NA,NA,NA
266,Yemen,244,NA,NA,NA,NA,NA,NA,NA,NA,NA,NA,NA,NA,NA,NA,NA,36,36,32,32,35,35,35,35,35,35,35,35,35,35,35,35,20,20,20,20,20,20,20,20
267,Zambia,245,48,48,50,45,45,50,50,45,45,45,45,45,40,40,35,35,35,35,35,35,35,35,35,35,35,35,35,35,35,35,35,35,35,35,35,35,35,35,35
268,Zimbabwe,246,45,45,45,45,45,45,45,45,45,50,50,50,45,42.5,42.5,40,37.5,37.5,37.5,35,35,35,30,30.9,30.9,30.9,30.9,30.9,30.9,30.9,25.75,25.75,25.75,25.75,25.75,25.75,25.75,25.75,25
